{"type":"FeatureCollection", "features": [
{"type":"Feature","geometry":{"type":"Polygon","coordinates":[[[125.3025,38.5154],[125.2664,38.4913],[125.2752,38.4452],[125.2984,38.432],[125.3278,38.44],[125.3602,38.4292],[125.35,38.3862],[125.4119,38.3914],[125.4052,38.3699],[125.4442,38.3644],[125.4835,38.3859],[125.5129,38.3885],[125.5355,38.375],[125.586,38.3827],[125.5653,38.4153],[125.5754,38.4503],[125.5662,38.4987],[125.6122,38.5363],[125.6185,38.5659],[125.5995,38.5659],[125.5634,38.5418],[125.4621,38.5124],[125.4161,38.4802],[125.39,38.4749],[125.3283,38.4938],[125.3025,38.5154]]]},"properties":{"adm2_name":"Anak","adm2_name1":null,"adm2_pcode":"KP0910","adm1_name":"South Hwanghae","adm1_pcode":"KP09","area_sqkm":340.34253304}},
{"type":"Feature","geometry":{"type":"Polygon","coordinates":[[[127.2819,39.0145],[127.2975,38.9499],[127.3299,38.9337],[127.3599,38.9982],[127.4091,39.025],[127.4578,39.0142],[127.4542,38.9819],[127.4831,38.9388],[127.5413,38.8983],[127.5603,38.8773],[127.5804,38.9036],[127.639,38.8981],[127.6844,38.8791],[127.7205,38.8979],[127.7273,38.9275],[127.6851,38.941],[127.6592,38.9599],[127.6631,39.0191],[127.6471,39.0487],[127.6511,39.1103],[127.6213,39.132],[127.6036,39.1564],[127.5846,39.1422],[127.5505,39.1484],[127.5243,39.1334],[127.5043,39.0975],[127.4588,39.103],[127.3114,39.0252],[127.2819,39.0145]]]},"properties":{"adm2_name":"Anbyon","adm2_name1":null,"adm2_pcode":"KP0403","adm1_name":"Kangwon","adm1_pcode":"KP04","area_sqkm":558.30500573}},
{"type":"Feature","geometry":{"type":"Polygon","coordinates":[[[125.837,39.7168],[125.8236,39.6905],[125.8008,39.685],[125.7822,39.665],[125.7544,39.6577],[125.6941,39.6314],[125.6347,39.6364],[125.5789,39.6019],[125.5516,39.5968],[125.6038,39.5804],[125.6394,39.5588],[125.708,39.5721],[125.7337,39.5398],[125.7198,39.4795],[125.7697,39.4604],[125.8244,39.4938],[125.8482,39.5376],[125.8317,39.5638],[125.8679,39.6014],[125.8357,39.6364],[125.8428,39.6929],[125.837,39.7168]]]},"properties":{"adm2_name":"Anju City","adm2_name1":null,"adm2_pcode":"KP0703","adm1_name":"South Pyongan","adm1_pcode":"KP07","area_sqkm":302.60401254}},
{"type":"Feature","geometry":{"type":"Polygon","coordinates":[[[127.8501,38.8331],[127.824,38.8304],[127.7879,38.809],[127.7712,38.774],[127.7351,38.7418],[127.7246,38.6799],[127.7243,38.6449],[127.7011,38.6154],[127.6684,38.5993],[127.6097,38.5847],[127.5936,38.5489],[127.6186,38.5133],[127.6966,38.4997],[127.7095,38.4889],[127.7253,38.4431],[127.748,38.4296],[127.7968,38.4215],[127.8517,38.3756],[127.8835,38.3193],[127.8983,38.3285],[127.9599,38.3134],[127.9787,38.317],[128.0496,38.3053],[128.0533,38.3483],[128.0764,38.3751],[128.0637,38.3994],[128.0408,38.394],[128.0118,38.4237],[127.9758,38.4103],[127.9433,38.4104],[127.9277,38.4831],[127.9903,38.5421],[127.997,38.5637],[127.9875,38.5879],[127.9453,38.6041],[127.9095,38.6042],[127.874,38.6393],[127.8319,38.6555],[127.8093,38.6798],[127.7902,38.7175],[127.797,38.7417],[127.8668,38.7827],[127.84,38.8089],[127.8501,38.8331]]]},"properties":{"adm2_name":"Changdo","adm2_name1":null,"adm2_pcode":"KP0408","adm1_name":"Kangwon","adm1_pcode":"KP04","area_sqkm":932.81705315}},
{"type":"Feature","geometry":{"type":"Polygon","coordinates":[[[125.1278,40.5724],[125.0228,40.5335],[125.0014,40.5169],[125.0105,40.4966],[125.0357,40.4874],[125.0417,40.4638],[125.002,40.4639],[125.03,40.4312],[125.0651,40.4032],[125.1134,40.3779],[125.1786,40.3589],[125.2208,40.3662],[125.253,40.3493],[125.2815,40.3186],[125.277,40.2769],[125.3272,40.2043],[125.3672,40.2319],[125.425,40.3122],[125.4389,40.3427],[125.4202,40.3734],[125.385,40.3986],[125.2982,40.4464],[125.2662,40.4688],[125.2281,40.508],[125.1278,40.5724]]]},"properties":{"adm2_name":"Changsong","adm2_name1":null,"adm2_pcode":"KP0623","adm1_name":"North Pyongan","adm1_pcode":"KP06","area_sqkm":621.79902322}},
{"type":"Feature","geometry":{"type":"Polygon","coordinates":[[[125.5227,39.002],[125.5513,38.932],[125.5929,38.8944],[125.6059,38.9388],[125.5789,39.0103],[125.5227,39.002]]]},"properties":{"adm2_name":"Chollima","adm2_name1":null,"adm2_pcode":"KP1107","adm1_name":"Nampo","adm1_pcode":"KP11","area_sqkm":52.56900194}},
{"type":"Feature","geometry":{"type":"MultiPolygon","coordinates":[[[[124.6486,39.8728],[124.5828,39.8692],[124.4729,39.8248],[124.5452,39.8071],[124.5571,39.796],[124.549,39.7696],[124.5835,39.7628],[124.5721,39.7188],[124.6388,39.6911],[124.6137,39.6094],[124.6394,39.5897],[124.7005,39.6346],[124.7391,39.6396],[124.7567,39.6643],[124.7403,39.7052],[124.7518,39.733],[124.7365,39.7652],[124.7344,39.8044],[124.7186,39.8212],[124.6486,39.8728]]],[[[124.6862,39.5631],[124.6271,39.5604],[124.6125,39.5397],[124.6723,39.5285],[124.6929,39.5413],[124.6862,39.5631]]]]},"properties":{"adm2_name":"Cholsan","adm2_name1":null,"adm2_pcode":"KP0608","adm1_name":"North Pyongan","adm1_pcode":"KP06","area_sqkm":399.53858578}},
{"type":"Feature","geometry":{"type":"Polygon","coordinates":[[[126.7851,38.3629],[126.795,38.348],[126.8253,38.3419],[126.8433,38.3231],[126.8811,38.3408],[126.8936,38.3236],[126.8658,38.29],[126.8847,38.2704],[126.8691,38.2408],[126.8736,38.2265],[126.8905,38.205],[126.9261,38.1958],[126.9444,38.1642],[126.9613,38.162],[126.9756,38.1997],[127.0166,38.2374],[127.1323,38.3049],[127.168,38.3018],[127.2518,38.3252],[127.2422,38.3473],[127.1709,38.3797],[127.1025,38.3825],[127.073,38.3638],[127.0406,38.3827],[127.0248,38.4257],[127.0178,38.4731],[126.9925,38.4554],[126.9627,38.4097],[126.8776,38.3722],[126.8418,38.3723],[126.7851,38.3629]]]},"properties":{"adm2_name":"Cholwon","adm2_name1":null,"adm2_pcode":"KP0413","adm1_name":"Kangwon","adm1_pcode":"KP04","area_sqkm":505.98283046}},
{"type":"Feature","geometry":{"type":"Polygon","coordinates":[[[125.9992,38.1758],[125.9426,38.1693],[125.937,38.1455],[125.8914,38.1402],[125.8586,38.1214],[125.8453,38.0999],[125.8147,38.0973],[125.7929,38.0704],[125.8218,38.0354],[125.785,37.9947],[125.8056,37.9898],[125.7924,37.9573],[125.8176,37.9412],[125.86,37.894],[125.878,37.8868],[125.9018,37.8383],[125.9364,37.8393],[125.9442,37.9006],[125.9707,37.9463],[126.0364,37.9919],[125.988,38.0404],[126.0342,38.0914],[126.0246,38.1103],[125.9825,38.1292],[125.9992,38.1758]]]},"properties":{"adm2_name":"Chongdan","adm2_name1":null,"adm2_pcode":"KP0917","adm1_name":"South Hwanghae","adm1_pcode":"KP09","area_sqkm":472.32637043}},
{"type":"Feature","geometry":{"type":"Polygon","coordinates":[[[129.9621,42.329],[129.9418,42.3065],[129.9514,42.293],[129.8614,42.26],[129.8581,42.163],[129.8314,42.1251],[129.8212,42.098],[129.8306,42.0709],[129.7975,42.0384],[129.7964,41.9626],[129.7273,41.922],[129.7045,41.9247],[129.6692,41.9679],[129.5617,41.9922],[129.5298,42.0409],[129.4841,42.0436],[129.4577,42.0246],[129.4217,42.0192],[129.3718,41.9596],[129.3517,41.919],[129.3442,41.879],[129.3647,41.8607],[129.3909,41.8744],[129.4233,41.8581],[129.4494,41.8635],[129.4758,41.8935],[129.5016,41.8663],[129.5404,41.8473],[129.5401,41.8119],[129.5496,41.7928],[129.6758,41.7139],[129.7411,41.7249],[129.7577,41.7193],[129.7595,41.7556],[129.8686,41.7921],[129.8877,41.8413],[129.8828,41.8723],[129.8969,41.9023],[129.9487,41.9071],[129.9671,41.9207],[129.9791,41.9792],[130.0077,42.0119],[130.0249,42.0037],[130.0807,42.0455],[130.0758,42.0754],[130.132,42.0875],[130.1523,42.0658],[130.1931,42.1068],[130.213,42.1513],[130.2066,42.1758],[130.1817,42.1848],[130.1598,42.2498],[130.174,42.306],[130.1345,42.3066],[130.0989,42.331],[130.0725,42.3147],[129.9621,42.329]]]},"properties":{"adm2_name":"Chongjin City","adm2_name1":null,"adm2_pcode":"KP0205","adm1_name":"North Hamgyong","adm1_pcode":"KP02","area_sqkm":1894.49379031}},
{"type":"Feature","geometry":{"type":"Polygon","coordinates":[[[125.4427,39.4566],[125.4609,39.4675],[125.4724,39.4919],[125.4612,39.5011],[125.4334,39.4812],[125.4427,39.4566]]]},"properties":{"adm2_name":"Chongnam","adm2_name1":null,"adm2_pcode":"KP0726","adm1_name":"South Pyongan","adm1_pcode":"KP07","area_sqkm":11.90211206}},
{"type":"Feature","geometry":{"type":"Polygon","coordinates":[[[124.7683,40.188],[124.7219,40.1632],[124.7077,40.1244],[124.6517,40.108],[124.7007,40.1077],[124.7,40.0827],[124.738,40.0435],[124.7409,40.0296],[124.7607,40.0379],[124.7895,40.0182],[124.8515,40.0151],[124.8708,40.0039],[124.9588,39.9978],[125.0128,39.9446],[125.0593,39.9423],[125.0541,40.0412],[125.0466,40.0653],[125.0279,40.0991],[124.986,40.1489],[124.9669,40.1921],[124.9445,40.1814],[124.8924,40.1873],[124.8537,40.207],[124.8243,40.2044],[124.8075,40.1878],[124.7683,40.188]]]},"properties":{"adm2_name":"Chonma","adm2_name1":null,"adm2_pcode":"KP0619","adm1_name":"North Pyongan","adm1_pcode":"KP06","area_sqkm":553.95169514}},
{"type":"Feature","geometry":{"type":"Polygon","coordinates":[[[127.3341,39.4051],[127.2868,39.4114],[127.2503,39.4142],[127.1986,39.4072],[127.1525,39.4128],[127.1244,39.4008],[127.1022,39.3692],[127.0944,39.3244],[127.0861,39.2839],[127.0297,39.2694],[127.0228,39.2525],[127.0425,39.2208],[127.0255,39.2043],[127.0617,39.1738],[127.0947,39.1764],[127.1271,39.1602],[127.1606,39.1686],[127.1374,39.2032],[127.1799,39.2192],[127.1963,39.2354],[127.2625,39.3321],[127.2987,39.3616],[127.3476,39.3642],[127.3781,39.3578],[127.4088,39.3882],[127.4119,39.4075],[127.3341,39.4051]]]},"properties":{"adm2_name":"Chonnae","adm2_name1":null,"adm2_pcode":"KP0417","adm1_name":"Kangwon","adm1_pcode":"KP04","area_sqkm":404.82808286}},
{"type":"Feature","geometry":{"type":"Polygon","coordinates":[[[125.6829,40.7655],[125.711,40.7477],[125.7169,40.7091],[125.6969,40.6628],[125.7171,40.6431],[125.7325,40.641],[125.7978,40.6547],[125.8305,40.6737],[125.8499,40.6574],[125.9055,40.6738],[125.9449,40.7038],[125.9794,40.7209],[125.955,40.7392],[125.9068,40.7963],[125.8775,40.8018],[125.8848,40.8726],[125.8932,40.8965],[125.8687,40.904],[125.8532,40.8829],[125.8096,40.862],[125.7965,40.8797],[125.7679,40.8916],[125.749,40.8679],[125.7204,40.8707],[125.6733,40.8332],[125.6352,40.8105],[125.6436,40.7923],[125.6723,40.788],[125.6829,40.7655]]]},"properties":{"adm2_name":"Chosan","adm2_name1":null,"adm2_pcode":"KP0513","adm1_name":"Jagang","adm1_pcode":"KP05","area_sqkm":471.86672229}},
{"type":"Feature","geometry":{"type":"Polygon","coordinates":[[[125.6112,38.1354],[125.5816,38.1139],[125.5808,38.0366],[125.6224,38.037],[125.6432,38.0185],[125.675,38.025],[125.6985,37.9886],[125.7192,38.0122],[125.7431,38.0161],[125.785,37.9947],[125.8218,38.0354],[125.7929,38.0704],[125.8147,38.0973],[125.816,38.1026],[125.7185,38.1163],[125.6534,38.1218],[125.6112,38.1354]]]},"properties":{"adm2_name":"Haeju City","adm2_name1":null,"adm2_pcode":"KP0901","adm1_name":"South Hwanghae","adm1_pcode":"KP09","area_sqkm":228.92318413}},
{"type":"Feature","geometry":{"type":"Polygon","coordinates":[[[127.7701,39.9793],[127.7739,40.0012],[127.7283,40.0802],[127.6748,40.074],[127.6357,40.077],[127.5991,40.055],[127.598,40.0161],[127.5346,39.9664],[127.5242,39.947],[127.4708,39.9083],[127.4639,39.8945],[127.4632,39.8694],[127.4978,39.8247],[127.5034,39.7913],[127.5339,39.7494],[127.5414,39.7746],[127.5892,39.7972],[127.6073,39.8169],[127.6358,39.8233],[127.6592,39.7964],[127.6909,39.8335],[127.7014,39.8625],[127.7519,39.9151],[127.7657,39.94],[127.7701,39.9793]]]},"properties":{"adm2_name":"Hamhung City","adm2_name1":null,"adm2_pcode":"KP0307","adm1_name":"South Hamgyong","adm1_pcode":"KP03","area_sqkm":553.65741067}},
{"type":"Feature","geometry":{"type":"Polygon","coordinates":[[[127.1124,40.0833],[127.0814,40.0611],[127.0889,40.0339],[127.0564,40.0203],[127.0692,39.9631],[127.108,39.9075],[127.1053,39.8667],[127.1626,39.8656],[127.2012,39.8431],[127.2471,39.8512],[127.296,39.8482],[127.3414,39.834],[127.3864,39.8115],[127.4055,39.7947],[127.4274,39.7584],[127.4656,39.7248],[127.4994,39.7159],[127.5339,39.7494],[127.5034,39.7913],[127.4978,39.8247],[127.4632,39.8694],[127.4639,39.8945],[127.4261,39.942],[127.3378,39.9397],[127.3047,39.9232],[127.2655,39.9206],[127.2179,39.971],[127.2457,40.0292],[127.2233,40.0432],[127.1875,40.049],[127.1124,40.0833]]]},"properties":{"adm2_name":"Hamju","adm2_name1":null,"adm2_pcode":"KP0310","adm1_name":"South Hamgyong","adm1_pcode":"KP03","area_sqkm":601.84049987}},
{"type":"Feature","geometry":{"type":"Polygon","coordinates":[[[128.4337,40.9786],[128.4413,40.9408],[128.4386,40.91],[128.4073,40.8582],[128.3908,40.7961],[128.3611,40.7558],[128.3355,40.6903],[128.3001,40.6657],[128.3768,40.6402],[128.4366,40.676],[128.515,40.6755],[128.5006,40.6283],[128.5429,40.5855],[128.5813,40.5945],[128.6012,40.6083],[128.634,40.6109],[128.6564,40.5941],[128.7021,40.5966],[128.7449,40.6075],[128.8066,40.596],[128.8397,40.6097],[128.9261,40.6621],[128.8774,40.6735],[128.8492,40.7153],[128.7983,40.7601],[128.7893,40.788],[128.8106,40.8491],[128.7565,40.8966],[128.7377,40.9246],[128.7386,40.9552],[128.7829,41.0216],[128.7873,41.0606],[128.746,41.1025],[128.7046,41.1533],[128.6714,41.1205],[128.6617,41.0858],[128.6169,41.0655],[128.6011,41.0369],[128.5755,41.0133],[128.52,41.0053],[128.4436,41.0019],[128.4337,40.9786]]]},"properties":{"adm2_name":"Hochon","adm2_name1":null,"adm2_pcode":"KP0324","adm1_name":"South Hamgyong","adm1_pcode":"KP03","area_sqkm":1674.95155375}},
{"type":"Feature","geometry":{"type":"Polygon","coordinates":[[[126.248,39.1424],[126.2394,39.1142],[126.248,39.09],[126.2875,39.0603],[126.3372,39.053],[126.3889,38.9658],[126.3874,38.9305],[126.4738,38.9081],[126.5005,38.9308],[126.4789,38.9853],[126.5155,39.0028],[126.5717,38.975],[126.6242,38.9667],[126.6611,38.9858],[126.6292,39.0283],[126.6169,39.0544],[126.5919,39.0722],[126.5628,39.115],[126.5575,39.1431],[126.5652,39.164],[126.521,39.1399],[126.4628,39.1804],[126.4502,39.2208],[126.434,39.2322],[126.3949,39.2263],[126.3723,39.2424],[126.3196,39.1968],[126.3033,39.1915],[126.2932,39.1619],[126.248,39.1424]]]},"properties":{"adm2_name":"Hoechang","adm2_name1":null,"adm2_pcode":"KP0723","adm1_name":"South Pyongan","adm1_pcode":"KP07","area_sqkm":679.28602694}},
{"type":"Feature","geometry":{"type":"Polygon","coordinates":[[[129.8072,42.808],[129.8092,42.7908],[129.7849,42.7716],[129.7624,42.7275],[129.7602,42.7084],[129.7773,42.6764],[129.7659,42.6334],[129.7711,42.6156],[129.7361,42.5728],[129.7461,42.5414],[129.732,42.4993],[129.7428,42.4656],[129.6973,42.426],[129.6738,42.4345],[129.6503,42.4258],[129.6165,42.462],[129.6059,42.4358],[129.5789,42.414],[129.5497,42.3742],[129.5054,42.3938],[129.4955,42.4116],[129.4628,42.4218],[129.4517,42.4374],[129.4163,42.4354],[129.3893,42.4481],[129.3822,42.4231],[129.3559,42.4311],[129.3365,42.4101],[129.3291,42.3954],[129.3997,42.3061],[129.4192,42.3007],[129.4553,42.3143],[129.4814,42.3089],[129.5005,42.2791],[129.5265,42.2656],[129.599,42.3171],[129.6351,42.3252],[129.6904,42.3144],[129.7227,42.2847],[129.7576,42.217],[129.8368,42.2739],[129.8614,42.26],[129.9514,42.293],[129.9418,42.3065],[129.9621,42.329],[129.9783,42.3444],[129.9951,42.3823],[129.979,42.3931],[129.9729,42.4256],[129.983,42.45],[130.0193,42.4744],[130.0592,42.522],[130.0563,42.5475],[130.0338,42.5745],[130.0277,42.6016],[130.0442,42.6179],[130.0315,42.6422],[130.0482,42.6666],[130.0455,42.7072],[130.0198,42.7369],[130.0169,42.7593],[129.9714,42.7748],[129.893,42.7747],[129.8444,42.8045],[129.8072,42.808]]]},"properties":{"adm2_name":"Hoeryong City","adm2_name1":null,"adm2_pcode":"KP0203","adm1_name":"North Hamgyong","adm1_pcode":"KP02","area_sqkm":1663.66807279}},
{"type":"Feature","geometry":{"type":"Polygon","coordinates":[[[127.7273,38.9275],[127.7205,38.8979],[127.6844,38.8791],[127.639,38.8981],[127.5804,38.9036],[127.5603,38.8773],[127.5568,38.8256],[127.5371,38.8149],[127.4915,38.8123],[127.4252,38.7702],[127.4484,38.7451],[127.474,38.6993],[127.5195,38.6857],[127.5875,38.6479],[127.5967,38.5995],[127.6097,38.5847],[127.6684,38.5993],[127.7011,38.6154],[127.7243,38.6449],[127.7246,38.6799],[127.7351,38.7418],[127.7712,38.774],[127.7879,38.809],[127.824,38.8304],[127.8501,38.8331],[127.8309,38.8735],[127.7789,38.8843],[127.7498,38.9005],[127.7273,38.9275]]]},"properties":{"adm2_name":"Hoeyang","adm2_name1":null,"adm2_pcode":"KP0410","adm1_name":"Kangwon","adm1_pcode":"KP04","area_sqkm":691.74807336}},
{"type":"Feature","geometry":{"type":"Polygon","coordinates":[[[128.0817,40.2553],[128.0398,40.275],[128.008,40.3058],[127.9855,40.317],[127.9396,40.3117],[127.8867,40.2898],[127.8596,40.2538],[127.8138,40.2512],[127.7803,40.2208],[127.7696,40.1903],[127.7186,40.1211],[127.7283,40.0802],[127.7739,40.0012],[127.7701,39.9793],[127.8386,39.9785],[127.8878,39.9838],[127.8872,39.9685],[127.917,39.9709],[127.9588,40.0053],[128.0271,40.0124],[128.0911,40.0134],[128.0859,40.0606],[128.1129,40.091],[128.1457,40.0964],[128.1893,40.1378],[128.1909,40.1907],[128.1782,40.2047],[128.1265,40.2244],[128.0817,40.2553]]]},"properties":{"adm2_name":"Hongwon","adm2_name1":null,"adm2_pcode":"KP0320","adm1_name":"South Hamgyong","adm1_pcode":"KP03","area_sqkm":1024.63089065}},
{"type":"Feature","geometry":{"type":"Polygon","coordinates":[[[125.9673,40.2216],[125.9817,40.2161],[126.0158,40.1789],[126.0955,40.1194],[126.1414,40.0747],[126.1917,40.0489],[126.2191,40.0422],[126.3175,40.0339],[126.3602,40.0176],[126.4036,39.9939],[126.4466,39.9975],[126.4737,40.0216],[126.407,40.0533],[126.3878,40.0832],[126.3423,40.0914],[126.336,40.1159],[126.2777,40.1485],[126.2812,40.173],[126.2067,40.2084],[126.1811,40.2492],[126.1751,40.3037],[126.1066,40.2954],[126.0776,40.3172],[126.0449,40.309],[126.0149,40.2464],[125.9673,40.2216]]]},"properties":{"adm2_name":"Huichon City","adm2_name1":null,"adm2_pcode":"KP0503","adm1_name":"Jagang","adm1_pcode":"KP05","area_sqkm":577.90023176}},
{"type":"Feature","geometry":{"type":"Polygon","coordinates":[[[129.3944,40.8587],[129.3851,40.8336],[129.3624,40.8417],[129.3232,40.8389],[129.3004,40.8497],[129.2611,40.8389],[129.2671,40.801],[129.2831,40.7766],[129.3352,40.7658],[129.3547,40.741],[129.4126,40.7697],[129.477,40.7891],[129.515,40.7897],[129.5614,40.8303],[129.616,40.8388],[129.6308,40.8333],[129.6986,40.8435],[129.7157,40.8303],[129.736,40.8715],[129.6928,40.8852],[129.66,40.8744],[129.6111,40.8824],[129.5592,40.9068],[129.5265,40.9013],[129.5099,40.8824],[129.4573,40.858],[129.3944,40.8587]]]},"properties":{"adm2_name":"Hwadae","adm2_name1":null,"adm2_pcode":"KP0212","adm1_name":"North Hamgyong","adm1_pcode":"KP02","area_sqkm":305.47819727}},
{"type":"Feature","geometry":{"type":"Polygon","coordinates":[[[125.6421,38.8095],[125.6584,38.7769],[125.6229,38.7313],[125.6036,38.7331],[125.6169,38.7006],[125.6298,38.6569],[125.6352,38.6468],[125.6947,38.6357],[125.7563,38.6087],[125.7759,38.614],[125.7847,38.6194],[125.7439,38.6679],[125.8192,38.7054],[125.8162,38.7243],[125.8425,38.7484],[125.8687,38.7591],[125.904,38.8009],[125.895,38.8045],[125.8169,38.8361],[125.7361,38.8417],[125.6639,38.8245],[125.6421,38.8095]]]},"properties":{"adm2_name":"Hwangju","adm2_name1":null,"adm2_pcode":"KP0805","adm1_name":"North Hwanghae","adm1_pcode":"KP08","area_sqkm":379.01802666}},
{"type":"Feature","geometry":{"type":"Polygon","coordinates":[[[126.7408,41.2505],[126.7626,41.228],[126.733,41.1899],[126.7427,41.1764],[126.7294,41.1383],[126.7749,41.1304],[126.7978,41.1495],[126.8529,41.1117],[126.8754,41.0738],[126.8523,41.0275],[126.9277,40.9575],[126.9788,40.971],[127.008,40.963],[127.0244,40.9767],[127.0475,41.0175],[127.0606,41.0257],[127.1094,41.0286],[127.129,41.0395],[127.195,41.135],[127.1489,41.1514],[127.1364,41.1758],[127.123,41.2369],[127.1372,41.2614],[127.073,41.2889],[127.0478,41.3394],[127.0164,41.3842],[127.0155,41.4047],[127.0333,41.4242],[127.0122,41.4369],[126.9719,41.4339],[126.9278,41.4678],[126.9244,41.481],[126.8975,41.4404],[126.8649,41.4321],[126.842,41.4103],[126.7672,41.4181],[126.7345,41.399],[126.7179,41.3636],[126.721,41.3419],[126.7109,41.2876],[126.7269,41.255],[126.7408,41.2505]]]},"properties":{"adm2_name":"Hwaphyong","adm2_name1":null,"adm2_pcode":"KP0508","adm1_name":"Jagang","adm1_pcode":"KP05","area_sqkm":1365.80849651}},
{"type":"Feature","geometry":{"type":"Polygon","coordinates":[[[126.0027,40.0832],[126.0452,40.075],[126.0768,40.0359],[126.1481,40.0188],[126.1511,40.0077],[126.1237,39.9661],[126.1362,39.9466],[126.2176,39.935],[126.2542,39.9598],[126.2833,39.9513],[126.3258,39.951],[126.3422,39.9592],[126.3433,39.9928],[126.3602,40.0176],[126.3175,40.0339],[126.2191,40.0422],[126.1917,40.0489],[126.1414,40.0747],[126.0955,40.1194],[126.0173,40.128],[125.9972,40.1087],[126.0027,40.0832]]]},"properties":{"adm2_name":"Hyangsan","adm2_name1":null,"adm2_pcode":"KP0616","adm1_name":"North Pyongan","adm1_pcode":"KP06","area_sqkm":275.42544236}},
{"type":"Feature","geometry":{"type":"Polygon","coordinates":[[[128.3197,41.4662],[128.2936,41.4635],[128.232,41.4927],[128.2293,41.4534],[128.2065,41.4254],[128.1819,41.4098],[128.1775,41.3362],[128.2098,41.3146],[128.2061,41.2875],[128.2384,41.2604],[128.2706,41.2307],[128.3167,41.2524],[128.3723,41.2578],[128.4278,41.2552],[128.3988,41.2849],[128.3438,41.3201],[128.3407,41.3309],[128.3707,41.3742],[128.3711,41.4067],[128.3355,41.4256],[128.3197,41.4662]]]},"properties":{"adm2_name":"Hyesan City","adm2_name1":null,"adm2_pcode":"KP0101","adm1_name":"Ryanggang","adm1_pcode":"KP01","area_sqkm":328.54862678}},
{"type":"Feature","geometry":{"type":"Polygon","coordinates":[[[126.7077,38.5802],[126.7164,38.5639],[126.7,38.5133],[126.7087,38.474],[126.7325,38.4303],[126.7878,38.3679],[126.7851,38.3629],[126.8418,38.3723],[126.8776,38.3722],[126.9627,38.4097],[126.9925,38.4554],[127.0178,38.4731],[127.0555,38.5602],[127.0267,38.6033],[126.9743,38.5819],[126.9323,38.6089],[126.8797,38.5687],[126.8406,38.5661],[126.8315,38.6253],[126.8121,38.6442],[126.7762,38.6388],[126.7334,38.5932],[126.7077,38.5802]]]},"properties":{"adm2_name":"Ichon","adm2_name1":null,"adm2_pcode":"KP0414","adm1_name":"Kangwon","adm1_pcode":"KP04","area_sqkm":625.58109734}},
{"type":"Feature","geometry":{"type":"Polygon","coordinates":[[[125.6185,38.5659],[125.6122,38.5363],[125.5662,38.4987],[125.5754,38.4503],[125.5653,38.4153],[125.586,38.3827],[125.6233,38.356],[125.6034,38.3211],[125.5638,38.2727],[125.5701,38.2373],[125.5927,38.2377],[125.658,38.2537],[125.7137,38.2805],[125.7332,38.2804],[125.7725,38.2992],[125.7843,38.3155],[125.7589,38.3028],[125.7452,38.343],[125.7053,38.3525],[125.7253,38.3808],[125.6994,38.4155],[125.6973,38.4894],[125.6625,38.5319],[125.6653,38.5639],[125.6561,38.5794],[125.6533,38.6272],[125.6419,38.6395],[125.6293,38.6143],[125.6185,38.5659]]]},"properties":{"adm2_name":"Jaerong","adm2_name1":null,"adm2_pcode":"KP0912","adm1_name":"South Hwanghae","adm1_pcode":"KP09","area_sqkm":391.61961803}},
{"type":"Feature","geometry":{"type":"Polygon","coordinates":[[[126.6887,41.2302],[126.6374,41.1862],[126.5688,41.1671],[126.5435,41.153],[126.5325,41.1263],[126.5288,41.08],[126.5545,41.0473],[126.5828,41.0421],[126.619,41.0041],[126.6557,40.9824],[126.717,41.0044],[126.7242,40.9962],[126.6702,40.9714],[126.6774,40.944],[126.7314,40.8918],[126.7482,40.8895],[126.8006,40.9113],[126.833,40.895],[126.8753,40.8923],[126.9132,40.871],[126.9296,40.9247],[126.9277,40.9575],[126.8523,41.0275],[126.8754,41.0738],[126.8529,41.1117],[126.7978,41.1495],[126.7749,41.1304],[126.7294,41.1383],[126.7427,41.1764],[126.733,41.1899],[126.7626,41.228],[126.7408,41.2505],[126.6887,41.2302]]]},"properties":{"adm2_name":"Janggang","adm2_name1":null,"adm2_pcode":"KP0507","adm1_name":"Jagang","adm1_pcode":"KP05","area_sqkm":728.70643877}},
{"type":"Feature","geometry":{"type":"Polygon","coordinates":[[[127.4173,40.8273],[127.3947,40.7839],[127.3516,40.7742],[127.3072,40.7467],[127.2683,40.7361],[127.2322,40.7033],[127.2269,40.6661],[127.2058,40.6286],[127.1236,40.6153],[127.0672,40.5761],[127.023,40.5672],[127.0061,40.548],[127.0078,40.4817],[126.9845,40.4626],[126.9483,40.4364],[126.9344,40.4125],[126.9112,40.3347],[126.9919,40.3375],[127.0528,40.3253],[127.1019,40.2894],[127.1139,40.2689],[127.1022,40.2411],[127.1103,40.188],[127.1701,40.1667],[127.2116,40.2074],[127.281,40.2348],[127.3133,40.2235],[127.3931,40.2554],[127.4006,40.3064],[127.4712,40.3756],[127.4787,40.4117],[127.484,40.4812],[127.4593,40.5314],[127.4826,40.5479],[127.4912,40.6202],[127.472,40.6342],[127.4501,40.6677],[127.4713,40.7232],[127.4655,40.7483],[127.4173,40.8273]]]},"properties":{"adm2_name":"Jangjin","adm2_name1":null,"adm2_pcode":"KP0314","adm1_name":"South Hamgyong","adm1_pcode":"KP03","area_sqkm":1978.40463217}},
{"type":"Feature","geometry":{"type":"Polygon","coordinates":[[[126.9613,38.162],[126.9444,38.1642],[126.9261,38.1958],[126.8905,38.205],[126.8736,38.2265],[126.8372,38.2044],[126.8108,38.1992],[126.7567,38.2017],[126.7264,38.2153],[126.6333,38.2186],[126.613,38.2124],[126.6105,38.1942],[126.6361,38.16],[126.6419,38.1394],[126.6191,38.11],[126.5988,38.1024],[126.5595,38.078],[126.5618,38.0446],[126.6432,38.0358],[126.6945,38.0021],[126.7386,37.9616],[126.784,37.968],[126.8404,38.0184],[126.8634,38.0462],[126.8743,38.0809],[126.8922,38.0992],[126.9669,38.139],[126.9613,38.162]]]},"properties":{"adm2_name":"Jangphung","adm2_name1":null,"adm2_pcode":"KP0804","adm1_name":"North Hwanghae","adm1_pcode":"KP08","area_sqkm":609.04260471}},
{"type":"Feature","geometry":{"type":"Polygon","coordinates":[[[124.8573,38.3374],[124.8766,38.3066],[124.8665,38.266],[124.8951,38.2175],[124.9369,38.2163],[124.9615,38.2283],[124.9964,38.2201],[125.0159,38.22],[125.0841,38.1957],[125.1099,38.1768],[125.1554,38.1676],[125.1591,38.2036],[125.1856,38.2439],[125.179,38.2512],[125.1783,38.2622],[125.1046,38.2817],[125.0788,38.3087],[125.0331,38.3014],[125.0198,38.2792],[124.9904,38.2712],[124.945,38.2928],[124.9095,38.3198],[124.8573,38.3374]]]},"properties":{"adm2_name":"Jangyon","adm2_name1":null,"adm2_pcode":"KP0905","adm1_name":"South Hwanghae","adm1_pcode":"KP09","area_sqkm":248.1492988}},
{"type":"Feature","geometry":{"type":"Polygon","coordinates":[[[126.6664,41.6655],[126.6093,41.6441],[126.5862,41.6147],[126.5587,41.6122],[126.5857,41.568],[126.5815,41.5485],[126.5596,41.538],[126.5434,41.4952],[126.5033,41.4358],[126.5035,41.3939],[126.5341,41.3609],[126.5347,41.3332],[126.4953,41.306],[126.5538,41.2924],[126.606,41.2924],[126.6887,41.2302],[126.7408,41.2505],[126.7269,41.255],[126.7109,41.2876],[126.721,41.3419],[126.7179,41.3636],[126.7345,41.399],[126.7672,41.4181],[126.842,41.4103],[126.8649,41.4321],[126.8975,41.4404],[126.9244,41.481],[126.9111,41.5183],[126.9414,41.5344],[126.8982,41.5408],[126.8623,41.5271],[126.8136,41.5378],[126.8007,41.5594],[126.7587,41.6027],[126.7231,41.627],[126.6874,41.6404],[126.6664,41.6655]]]},"properties":{"adm2_name":"Jasong","adm2_name1":null,"adm2_pcode":"KP0510","adm1_name":"Jagang","adm1_pcode":"KP05","area_sqkm":882.65782548}},
{"type":"Feature","geometry":{"type":"Polygon","coordinates":[[[126.398,40.7313],[126.333,40.7476],[126.3003,40.7394],[126.2548,40.7476],[126.2286,40.7339],[126.2283,40.7067],[126.2442,40.6713],[126.2337,40.5978],[126.1845,40.5651],[126.1144,40.5464],[126.1123,40.5187],[126.0916,40.4894],[126.1115,40.4479],[126.111,40.3962],[126.1335,40.3717],[126.2083,40.3581],[126.2768,40.3691],[126.2994,40.3446],[126.3418,40.3501],[126.3652,40.4073],[126.4011,40.4155],[126.4269,40.3882],[126.4593,40.3746],[126.5019,40.3937],[126.5277,40.3967],[126.5283,40.4264],[126.4961,40.4618],[126.4669,40.4727],[126.4836,40.5135],[126.4808,40.5571],[126.5074,40.6089],[126.538,40.627],[126.482,40.6688],[126.4269,40.6905],[126.398,40.7313]]]},"properties":{"adm2_name":"Jonchon","adm2_name1":null,"adm2_pcode":"KP0505","adm1_name":"Jagang","adm1_pcode":"KP05","area_sqkm":1083.45826991}},
{"type":"Feature","geometry":{"type":"Polygon","coordinates":[[[125.1625,39.8131],[125.1683,39.788],[125.1412,39.7548],[125.1307,39.7298],[125.1293,39.6798],[125.144,39.6241],[125.1794,39.5922],[125.2259,39.6055],[125.2165,39.5724],[125.2492,39.5593],[125.2736,39.5189],[125.3078,39.5258],[125.2936,39.6009],[125.3015,39.6482],[125.3289,39.6925],[125.3627,39.734],[125.3704,39.7757],[125.3647,39.8022],[125.3395,39.8371],[125.3205,39.835],[125.2753,39.8736],[125.1789,39.8158],[125.1625,39.8131]]]},"properties":{"adm2_name":"Jongju City","adm2_name1":null,"adm2_pcode":"KP0602","adm1_name":"North Pyongan","adm1_pcode":"KP06","area_sqkm":486.09350072}},
{"type":"Feature","geometry":{"type":"Polygon","coordinates":[[[127.0855,39.8479],[127.1728,39.7654],[127.1751,39.7293],[127.1936,39.693],[127.1598,39.6515],[127.1743,39.5993],[127.2169,39.5927],[127.2399,39.5982],[127.272,39.5785],[127.2916,39.5784],[127.3135,39.5449],[127.3392,39.5309],[127.4044,39.5249],[127.4409,39.547],[127.5404,39.5464],[127.5754,39.5857],[127.5336,39.6369],[127.5123,39.6312],[127.488,39.6628],[127.4994,39.7159],[127.4656,39.7248],[127.4274,39.7584],[127.4055,39.7947],[127.3864,39.8115],[127.3414,39.834],[127.296,39.8482],[127.2471,39.8512],[127.2012,39.8431],[127.1626,39.8656],[127.1053,39.8667],[127.0855,39.8479]]]},"properties":{"adm2_name":"Jongphyong","adm2_name1":null,"adm2_pcode":"KP0315","adm1_name":"South Hamgyong","adm1_pcode":"KP03","area_sqkm":871.94538112}},
{"type":"Feature","geometry":{"type":"Polygon","coordinates":[[[127.0606,41.6587],[127.0309,41.6727],[127.0558,41.6999],[127.0486,41.7397],[127.015,41.7397],[127.0021,41.7607],[126.9469,41.7906],[126.9325,41.8087],[126.8843,41.7902],[126.853,41.7589],[126.8408,41.722],[126.8026,41.7451],[126.7907,41.7114],[126.7696,41.7158],[126.7233,41.7437],[126.6818,41.7386],[126.7252,41.7068],[126.6664,41.6655],[126.6874,41.6404],[126.7231,41.627],[126.7587,41.6027],[126.8007,41.5594],[126.8136,41.5378],[126.8623,41.5271],[126.8982,41.5408],[126.9414,41.5344],[126.9972,41.5311],[127.0117,41.5655],[127.0641,41.5869],[127.073,41.6011],[127.0594,41.6308],[127.0606,41.6587]]]},"properties":{"adm2_name":"Junggang","adm2_name1":null,"adm2_pcode":"KP0509","adm1_name":"Jagang","adm1_pcode":"KP05","area_sqkm":644.62833166}},
{"type":"Feature","geometry":{"type":"Polygon","coordinates":[[[125.7013,38.9468],[125.6945,38.9209],[125.6452,38.8807],[125.6481,38.8457],[125.6639,38.8245],[125.7361,38.8417],[125.8169,38.8361],[125.895,38.8045],[125.9217,38.8424],[125.9289,38.9097],[125.8997,38.9178],[125.8603,38.8937],[125.8215,38.9207],[125.7923,38.9234],[125.7464,38.902],[125.7334,38.9047],[125.7013,38.9468]]]},"properties":{"adm2_name":"Junghwa","adm2_name1":null,"adm2_pcode":"KP0821","adm1_name":"North Hwanghae","adm1_pcode":"KP08","area_sqkm":217.59989084}},
{"type":"Feature","geometry":{"type":"Polygon","coordinates":[[[125.3879,39.2328],[125.3587,39.2271],[125.3025,39.1722],[125.282,39.1169],[125.2908,39.0952],[125.261,39.0762],[125.2459,39.0445],[125.2107,39.0024],[125.2182,38.9945],[125.2551,38.9595],[125.2813,38.9675],[125.358,38.9569],[125.3726,38.9727],[125.3666,39.0266],[125.461,39.0183],[125.4826,39.0359],[125.4648,39.0721],[125.5011,39.1097],[125.5078,39.1285],[125.4787,39.1528],[125.4816,39.1642],[125.4109,39.2068],[125.3879,39.2328]]]},"properties":{"adm2_name":"Jungsan","adm2_name1":null,"adm2_pcode":"KP0708","adm1_name":"South Pyongan","adm1_pcode":"KP07","area_sqkm":431.78208282}},
{"type":"Feature","geometry":{"type":"Polygon","coordinates":[[[128.4278,41.2552],[128.3723,41.2578],[128.3167,41.2524],[128.2706,41.2307],[128.2384,41.2604],[128.1699,41.2631],[128.1272,41.2441],[128.1138,41.2225],[128.11,41.1873],[128.1713,41.1332],[128.164,41.079],[128.1539,41.0628],[128.0981,41.0384],[128.1569,41.0411],[128.2123,41.0358],[128.2284,41.0141],[128.3324,40.9817],[128.3913,40.9926],[128.4337,40.9786],[128.4436,41.0019],[128.52,41.0053],[128.5755,41.0133],[128.6011,41.0369],[128.6169,41.0655],[128.6617,41.0858],[128.6714,41.1205],[128.7046,41.1533],[128.7322,41.1699],[128.6914,41.1958],[128.6718,41.1958],[128.6124,41.147],[128.5797,41.1497],[128.5441,41.1686],[128.5216,41.1957],[128.4501,41.22],[128.4278,41.2552]]]},"properties":{"adm2_name":"Kabsan","adm2_name1":null,"adm2_pcode":"KP0111","adm1_name":"Ryanggang","adm1_pcode":"KP01","area_sqkm":1044.53839257}},
{"type":"Feature","geometry":{"type":"Polygon","coordinates":[[[126.138,39.8293],[126.0922,39.8194],[126.0508,39.8364],[126.0161,39.8636],[125.9994,39.8294],[125.9775,39.8256],[125.9578,39.7919],[125.941,39.784],[125.8986,39.7505],[125.855,39.7458],[125.837,39.7168],[125.8428,39.6929],[125.8357,39.6364],[125.8679,39.6014],[125.8317,39.5638],[125.8482,39.5376],[125.8934,39.5448],[125.9296,39.5824],[125.9623,39.5958],[125.985,39.5823],[126.0339,39.5849],[126.083,39.6063],[126.1268,39.6693],[126.1164,39.6843],[126.1232,39.7166],[126.1431,39.7407],[126.1433,39.765],[126.1666,39.8107],[126.138,39.8293]]]},"properties":{"adm2_name":"Kaechon City","adm2_name1":null,"adm2_pcode":"KP0704","adm1_name":"South Pyongan","adm1_pcode":"KP07","area_sqkm":608.51887941}},
{"type":"Feature","geometry":{"type":"Polygon","coordinates":[[[126.7386,37.9616],[126.6945,38.0021],[126.6432,38.0358],[126.5618,38.0446],[126.5595,38.078],[126.5988,38.1024],[126.5758,38.1219],[126.5305,38.1217],[126.5133,38.0819],[126.4897,38.0642],[126.4819,38.0394],[126.4489,38.0211],[126.3902,38.0227],[126.4039,37.9961],[126.3917,37.9705],[126.3903,37.9253],[126.413,37.9081],[126.4045,37.8808],[126.423,37.8517],[126.4623,37.8367],[126.4718,37.816],[126.507,37.8146],[126.5553,37.7888],[126.5744,37.7695],[126.5958,37.7701],[126.6497,37.8009],[126.6658,37.833],[126.6892,37.8589],[126.6953,37.9113],[126.6829,37.9453],[126.7386,37.9616]]]},"properties":{"adm2_name":"Kaesong City","adm2_name1":null,"adm2_pcode":"KP0803","adm1_name":"North Hwanghae","adm1_pcode":"KP08","area_sqkm":691.11599285}},
{"type":"Feature","geometry":{"type":"Polygon","coordinates":[[[126.0394,39.2328],[126.0247,39.2136],[125.973,39.2035],[125.9947,39.1436],[126.0419,39.0762],[126.0518,39.0477],[126.0423,39.008],[126.117,38.9421],[126.1236,38.9703],[126.17,38.9742],[126.1994,38.9875],[126.2383,38.985],[126.2691,38.9586],[126.3294,38.9539],[126.3874,38.9305],[126.3889,38.9658],[126.3372,39.053],[126.2875,39.0603],[126.248,39.09],[126.2394,39.1142],[126.248,39.1424],[126.2142,39.1592],[126.1661,39.1592],[126.1408,39.1833],[126.0933,39.1825],[126.0736,39.2236],[126.0394,39.2328]]]},"properties":{"adm2_name":"Kangdong","adm2_name1":null,"adm2_pcode":"KP1023","adm1_name":"Pyongyang","adm1_pcode":"KP10","area_sqkm":575.08226564}},
{"type":"Feature","geometry":{"type":"Polygon","coordinates":[[[126.4466,40.8992],[126.4827,40.8722],[126.52,40.873],[126.5594,40.903],[126.5757,40.903],[126.624,40.8459],[126.6631,40.8486],[126.7057,40.8677],[126.7314,40.8918],[126.6774,40.944],[126.6702,40.9714],[126.7242,40.9962],[126.717,41.0044],[126.6557,40.9824],[126.619,41.0041],[126.5828,41.0421],[126.5545,41.0473],[126.5048,40.9765],[126.5143,40.9438],[126.501,40.9193],[126.4466,40.8992]]]},"properties":{"adm2_name":"Kanggye City","adm2_name1":null,"adm2_pcode":"KP0501","adm1_name":"Jagang","adm1_pcode":"KP05","area_sqkm":271.51847862}},
{"type":"Feature","geometry":{"type":"Polygon","coordinates":[[[125.6059,38.9388],[125.5929,38.8944],[125.5622,38.8703],[125.5363,38.8643],[125.5219,38.8486],[125.5278,38.8211],[125.5489,38.8072],[125.5751,38.7804],[125.6142,38.7919],[125.6421,38.8095],[125.6639,38.8245],[125.6481,38.8457],[125.6452,38.8807],[125.6945,38.9209],[125.7013,38.9468],[125.672,38.9506],[125.6059,38.9388]]]},"properties":{"adm2_name":"Kangnam","adm2_name1":null,"adm2_pcode":"KP0820","adm1_name":"North Hwanghae","adm1_pcode":"KP08","area_sqkm":145.8073881}},
{"type":"Feature","geometry":{"type":"MultiPolygon","coordinates":[[[[125.3979,37.8959],[125.4107,37.8908],[125.4336,37.9246],[125.4542,37.9276],[125.4528,37.8878],[125.506,37.8925],[125.5101,37.8773],[125.4821,37.8611],[125.4828,37.823],[125.43,37.8251],[125.3934,37.7944],[125.3905,37.764],[125.3336,37.7372],[125.3141,37.7089],[125.3566,37.6797],[125.3599,37.7102],[125.4114,37.7253],[125.467,37.7213],[125.4818,37.7367],[125.4931,37.7775],[125.5478,37.7625],[125.5653,37.7782],[125.6056,37.7575],[125.6266,37.8135],[125.6177,37.8515],[125.642,37.892],[125.6996,37.8943],[125.7282,37.9121],[125.6826,37.9341],[125.7105,37.9668],[125.6474,37.9641],[125.6,37.9866],[125.5709,38.0171],[125.5446,38.0063],[125.4434,37.9823],[125.4041,37.9636],[125.3979,37.8959]]],[[[125.3381,37.766],[125.3251,37.7664],[125.2528,37.7257],[125.2347,37.7065],[125.2529,37.695],[125.2965,37.7231],[125.3381,37.766]]]]},"properties":{"adm2_name":"Kangryong","adm2_name1":null,"adm2_pcode":"KP0902","adm1_name":"South Hwanghae","adm1_pcode":"KP09","area_sqkm":568.30318955}},
{"type":"Feature","geometry":{"type":"Polygon","coordinates":[[[125.4826,39.0359],[125.461,39.0183],[125.3666,39.0266],[125.3726,38.9727],[125.358,38.9569],[125.3688,38.9257],[125.4241,38.9188],[125.4402,38.8973],[125.5363,38.8643],[125.5622,38.8703],[125.5929,38.8944],[125.5513,38.932],[125.5227,39.002],[125.5099,39.0263],[125.4826,39.0359]]]},"properties":{"adm2_name":"Kangso","adm2_name1":null,"adm2_pcode":"KP1106","adm1_name":"Nampo","adm1_pcode":"KP11","area_sqkm":228.4801469}},
{"type":"Feature","geometry":{"type":"Polygon","coordinates":[[[128.9932,41.1855],[129.0069,41.1247],[128.9888,41.0989],[128.998,41.0736],[128.9933,41.0431],[128.9988,41.0022],[128.9798,40.9727],[129.0341,40.9551],[129.1019,40.8956],[129.203,40.8849],[129.231,40.7874],[129.2671,40.801],[129.2611,40.8389],[129.3004,40.8497],[129.3232,40.8389],[129.3624,40.8417],[129.3851,40.8336],[129.3944,40.8587],[129.3466,40.8795],[129.3403,40.8958],[129.3705,40.9526],[129.3612,40.9851],[129.3386,41.0041],[129.2928,41.004],[129.2311,41.0229],[129.2218,41.0581],[129.2091,41.0852],[129.1864,41.096],[129.1446,41.142],[129.0871,41.2245],[129.0409,41.1987],[128.9932,41.1855]]]},"properties":{"adm2_name":"Kilju","adm2_name1":null,"adm2_pcode":"KP0211","adm1_name":"North Hamgyong","adm1_pcode":"KP02","area_sqkm":773.70759461}},
{"type":"Feature","geometry":{"type":"Polygon","coordinates":[[[129.2671,40.801],[129.231,40.7874],[129.203,40.8849],[129.1019,40.8956],[129.0341,40.9551],[128.9798,40.9727],[128.9475,40.9422],[128.9391,40.9228],[128.9591,40.8783],[128.9341,40.8558],[128.938,40.8258],[128.9755,40.7736],[128.9786,40.7222],[129.0031,40.6967],[129.058,40.6567],[129.0544,40.6119],[129.0636,40.5975],[129.168,40.5677],[129.166,40.5871],[129.1857,40.6145],[129.2206,40.699],[129.2733,40.7047],[129.3033,40.6764],[129.3276,40.7184],[129.3547,40.741],[129.3352,40.7658],[129.2831,40.7766],[129.2671,40.801]]]},"properties":{"adm2_name":"Kim Chaek City","adm2_name1":null,"adm2_pcode":"KP0202","adm1_name":"North Hamgyong","adm1_pcode":"KP02","area_sqkm":795.52165283}},
{"type":"Feature","geometry":{"type":"Polygon","coordinates":[[[128.3001,40.6657],[128.3355,40.6903],[128.3611,40.7558],[128.3908,40.7961],[128.4073,40.8582],[128.3568,40.8599],[128.2979,40.8545],[128.2393,40.8625],[128.2133,40.8761],[128.1516,40.895],[128.0761,40.8732],[128.0338,40.884],[127.9714,40.8596],[127.9417,40.838],[127.9447,40.8163],[127.9834,40.7866],[127.9767,40.7703],[127.9174,40.7351],[127.8778,40.7053],[127.8343,40.6349],[127.7792,40.6002],[127.7691,40.5669],[127.7697,40.5203],[127.7286,40.4778],[127.7275,40.4244],[127.7341,40.4158],[127.7825,40.4267],[127.8885,40.4837],[127.9433,40.5294],[127.9578,40.5603],[127.9864,40.5819],[128.0508,40.6],[128.0897,40.6031],[128.1222,40.5758],[128.1491,40.5636],[128.188,40.5689],[128.2458,40.6258],[128.3001,40.6657]]]},"properties":{"adm2_name":"Kim Hyong Gwon","adm2_name1":null,"adm2_pcode":"KP0105","adm1_name":"Ryanggang","adm1_pcode":"KP01","area_sqkm":1403.46985595}},
{"type":"Feature","geometry":{"type":"Polygon","coordinates":[[[127.0606,41.6587],[127.0594,41.6308],[127.073,41.6011],[127.0641,41.5869],[127.0117,41.5655],[126.9972,41.5311],[126.9414,41.5344],[126.9111,41.5183],[126.9244,41.481],[126.9278,41.4678],[126.9719,41.4339],[127.0122,41.4369],[127.0333,41.4242],[127.0155,41.4047],[127.0164,41.3842],[127.0478,41.3394],[127.073,41.2889],[127.1372,41.2614],[127.123,41.2369],[127.1364,41.1758],[127.1489,41.1514],[127.195,41.135],[127.2306,41.1122],[127.2413,41.184],[127.2743,41.2111],[127.3276,41.2815],[127.3413,41.3275],[127.3939,41.3492],[127.44,41.3817],[127.4728,41.3871],[127.5028,41.4305],[127.5291,41.4413],[127.5327,41.4737],[127.4973,41.4748],[127.4619,41.4611],[127.4065,41.4564],[127.398,41.4754],[127.3553,41.4764],[127.3452,41.4604],[127.2742,41.4919],[127.2436,41.4974],[127.2352,41.5171],[127.1708,41.5267],[127.1671,41.5389],[127.1084,41.5363],[127.1002,41.5529],[127.1405,41.5696],[127.1482,41.5861],[127.0879,41.6275],[127.0606,41.6587]]]},"properties":{"adm2_name":"Kim Hyong Jik","adm2_name1":null,"adm2_pcode":"KP0104","adm1_name":"Ryanggang","adm1_pcode":"KP01","area_sqkm":1180.12178896}},
{"type":"Feature","geometry":{"type":"Polygon","coordinates":[[[127.5327,41.4737],[127.5291,41.4413],[127.5028,41.4305],[127.4728,41.3871],[127.44,41.3817],[127.3939,41.3492],[127.3413,41.3275],[127.3276,41.2815],[127.2743,41.2111],[127.2413,41.184],[127.2306,41.1122],[127.325,41.1],[127.358,41.1117],[127.3811,41.1467],[127.4486,41.1697],[127.4878,41.1625],[127.5003,41.1422],[127.5056,41.0708],[127.5817,41.0614],[127.6089,41.065],[127.625,41.0839],[127.638,41.1278],[127.6555,41.1453],[127.7337,41.1359],[127.7342,41.1708],[127.7517,41.252],[127.7649,41.2601],[127.8073,41.2574],[127.8141,41.2791],[127.8435,41.2791],[127.8569,41.3008],[127.8541,41.3306],[127.8676,41.3603],[127.9067,41.3577],[127.933,41.3712],[127.9768,41.4154],[127.9764,41.4297],[127.928,41.4436],[127.8994,41.4323],[127.8677,41.4373],[127.848,41.4185],[127.7674,41.4195],[127.7161,41.416],[127.6858,41.4213],[127.647,41.4032],[127.6149,41.4289],[127.5895,41.4238],[127.552,41.434],[127.5327,41.4737]]]},"properties":{"adm2_name":"Kim Jong Suk","adm2_name1":null,"adm2_pcode":"KP0103","adm1_name":"Ryanggang","adm1_pcode":"KP01","area_sqkm":1399.97285509}},
{"type":"Feature","geometry":{"type":"Polygon","coordinates":[[[127.4691,38.5459],[127.4787,38.5271],[127.449,38.4948],[127.4617,38.4625],[127.4387,38.441],[127.367,38.3243],[127.3905,38.332],[127.4989,38.2978],[127.5551,38.3246],[127.5861,38.3331],[127.6136,38.3211],[127.6537,38.3246],[127.6818,38.319],[127.7026,38.3299],[127.7638,38.3275],[127.7972,38.3361],[127.8335,38.3004],[127.8835,38.3193],[127.8517,38.3756],[127.7968,38.4215],[127.748,38.4296],[127.7253,38.4431],[127.7095,38.4889],[127.6966,38.4997],[127.6186,38.5133],[127.5936,38.5489],[127.5798,38.5376],[127.541,38.57],[127.525,38.5915],[127.4691,38.5459]]]},"properties":{"adm2_name":"Kimhwa","adm2_name1":null,"adm2_pcode":"KP0409","adm1_name":"Kangwon","adm1_pcode":"KP04","area_sqkm":740.70713081}},
{"type":"Feature","geometry":{"type":"Polygon","coordinates":[[[126.5532,38.8008],[126.5659,38.7738],[126.5199,38.7362],[126.5163,38.6986],[126.5583,38.6662],[126.5482,38.642],[126.5941,38.6607],[126.6298,38.6499],[126.6393,38.6311],[126.6789,38.6256],[126.7008,38.6436],[126.7597,38.6569],[126.8008,38.6855],[126.8183,38.7169],[126.87,38.7825],[126.8757,38.8119],[126.8432,38.8082],[126.775,38.8245],[126.7228,38.8192],[126.6509,38.7952],[126.6281,38.8006],[126.5532,38.8008]]]},"properties":{"adm2_name":"Koksan","adm2_name1":null,"adm2_pcode":"KP0814","adm1_name":"North Hwanghae","adm1_pcode":"KP08","area_sqkm":454.13417034}},
{"type":"Feature","geometry":{"type":"Polygon","coordinates":[[[125.9794,40.7209],[125.9449,40.7038],[125.9055,40.6738],[125.8499,40.6574],[125.8305,40.6737],[125.7978,40.6547],[125.7325,40.641],[125.7171,40.6431],[125.6798,40.5919],[125.6892,40.5593],[125.6727,40.5348],[125.6432,40.5184],[125.6651,40.4354],[125.7074,40.4286],[125.7596,40.4395],[125.7861,40.4804],[125.8703,40.4287],[125.8933,40.4478],[125.9686,40.4887],[126.0082,40.5295],[126.0277,40.5296],[126.0916,40.4894],[126.1123,40.5187],[126.1144,40.5464],[126.0639,40.565],[126.0384,40.6113],[125.9995,40.633],[125.9964,40.6494],[126.0131,40.6902],[125.9794,40.7209]]]},"properties":{"adm2_name":"Kophung","adm2_name1":null,"adm2_pcode":"KP0515","adm1_name":"Jagang","adm1_pcode":"KP05","area_sqkm":733.88829865}},
{"type":"Feature","geometry":{"type":"Polygon","coordinates":[[[127.2975,38.9499],[127.3102,38.9149],[127.297,38.8961],[127.2967,38.8692],[127.3095,38.8503],[127.3452,38.8395],[127.3902,38.7829],[127.4252,38.7702],[127.4915,38.8123],[127.5371,38.8149],[127.5568,38.8256],[127.5603,38.8773],[127.5413,38.8983],[127.4831,38.9388],[127.4542,38.9819],[127.4578,39.0142],[127.4091,39.025],[127.3599,38.9982],[127.3299,38.9337],[127.2975,38.9499]]]},"properties":{"adm2_name":"Kosan","adm2_name1":null,"adm2_pcode":"KP0404","adm1_name":"Kangwon","adm1_pcode":"KP04","area_sqkm":388.11116824}},
{"type":"Feature","geometry":{"type":"Polygon","coordinates":[[[127.9388,38.7722],[127.96,38.7548],[128.0056,38.7601],[128.0313,38.725],[128.0541,38.7223],[128.1001,38.7626],[128.1195,38.7437],[128.1578,38.6737],[128.1767,38.609],[128.1763,38.5714],[128.1657,38.5014],[128.1493,38.4853],[128.1816,38.4583],[128.2258,38.3883],[128.2892,38.4344],[128.3121,38.4727],[128.3198,38.5059],[128.3151,38.5863],[128.3599,38.6124],[128.356,38.6789],[128.3436,38.6805],[128.2831,38.7217],[128.2208,38.7304],[128.1851,38.7484],[128.1457,38.7834],[128.1395,38.8004],[128.091,38.8351],[128.0561,38.8524],[128.0469,38.842],[128.0073,38.8518],[127.977,38.822],[127.9388,38.7722]]]},"properties":{"adm2_name":"Kosong","adm2_name1":null,"adm2_pcode":"KP0406","adm1_name":"Kangwon","adm1_pcode":"KP04","area_sqkm":659.9242797}},
{"type":"Feature","geometry":{"type":"Polygon","coordinates":[[[127.0019,39.4563],[127.0166,39.4409],[127.0305,39.3574],[127.0689,39.3294],[127.0944,39.3244],[127.1022,39.3692],[127.1244,39.4008],[127.1525,39.4128],[127.1986,39.4072],[127.2503,39.4142],[127.2868,39.4114],[127.2006,39.4816],[127.1454,39.4902],[127.0964,39.4905],[127.0019,39.4563]]]},"properties":{"adm2_name":"Kowon","adm2_name1":null,"adm2_pcode":"KP0318","adm1_name":"South Hamgyong","adm1_pcode":"KP03","area_sqkm":214.03116878}},
{"type":"Feature","geometry":{"type":"Polygon","coordinates":[[[126.3422,39.9592],[126.3258,39.951],[126.2833,39.9513],[126.2542,39.9598],[126.2176,39.935],[126.1362,39.9466],[126.1237,39.9661],[126.1511,40.0077],[126.1481,40.0188],[126.0768,40.0359],[126.0452,40.075],[126.0027,40.0832],[125.9718,40.0198],[125.9356,40.0117],[125.869,39.9648],[125.8614,39.9276],[125.8956,39.8673],[125.943,39.8142],[125.941,39.784],[125.9578,39.7919],[125.9775,39.8256],[125.9994,39.8294],[126.0161,39.8636],[126.0508,39.8364],[126.0922,39.8194],[126.138,39.8293],[126.2711,39.8542],[126.3247,39.8817],[126.3672,39.8939],[126.3694,39.923],[126.3422,39.9592]]]},"properties":{"adm2_name":"Kujang","adm2_name1":null,"adm2_pcode":"KP0615","adm1_name":"North Pyongan","adm1_pcode":"KP06","area_sqkm":697.76940631}},
{"type":"Feature","geometry":{"type":"Polygon","coordinates":[[[126.5487,38.381],[126.5291,38.3783],[126.5158,38.3541],[126.4602,38.3274],[126.4305,38.2897],[126.4398,38.252],[126.4167,38.2198],[126.4262,38.1983],[126.4185,38.1759],[126.4178,38.1486],[126.3783,38.1275],[126.3708,38.1031],[126.3953,38.0939],[126.3828,38.0609],[126.4017,38.035],[126.3902,38.0227],[126.4489,38.0211],[126.4819,38.0394],[126.4897,38.0642],[126.5133,38.0819],[126.5305,38.1217],[126.5758,38.1219],[126.5988,38.1024],[126.6191,38.11],[126.6419,38.1394],[126.6361,38.16],[126.6105,38.1942],[126.613,38.2124],[126.6025,38.2329],[126.6033,38.3055],[126.5611,38.3218],[126.5844,38.3648],[126.5487,38.381]]]},"properties":{"adm2_name":"Kumchon","adm2_name1":null,"adm2_pcode":"KP0817","adm1_name":"North Hwanghae","adm1_pcode":"KP08","area_sqkm":512.65439376}},
{"type":"Feature","geometry":{"type":"Polygon","coordinates":[[[127.8668,38.7827],[127.797,38.7417],[127.7902,38.7175],[127.8093,38.6798],[127.8319,38.6555],[127.874,38.6393],[127.9095,38.6042],[127.9453,38.6041],[127.9875,38.5879],[127.997,38.5637],[127.9903,38.5421],[127.9277,38.4831],[127.9433,38.4104],[127.9758,38.4103],[128.0118,38.4237],[128.0408,38.394],[128.0637,38.3994],[128.0764,38.3751],[128.0533,38.3483],[128.0496,38.3053],[128.0783,38.3088],[128.1098,38.3292],[128.1377,38.3283],[128.2258,38.3883],[128.1816,38.4583],[128.1493,38.4853],[128.1657,38.5014],[128.1763,38.5714],[128.1767,38.609],[128.1578,38.6737],[128.1195,38.7437],[128.1001,38.7626],[128.0541,38.7223],[128.0313,38.725],[128.0056,38.7601],[127.96,38.7548],[127.9388,38.7722],[127.8982,38.763],[127.8668,38.7827]]]},"properties":{"adm2_name":"Kumgang","adm2_name1":null,"adm2_pcode":"KP0407","adm1_name":"Kangwon","adm1_pcode":"KP04","area_sqkm":986.09368729}},
{"type":"Feature","geometry":{"type":"Polygon","coordinates":[[[128.3831,40.103],[128.3978,40.12],[128.3654,40.1257],[128.3649,40.109],[128.3831,40.103]]]},"properties":{"adm2_name":"Kumho","adm2_name1":null,"adm2_pcode":"KP0326","adm1_name":"South Hamgyong","adm1_pcode":"KP03","area_sqkm":6.94181435}},
{"type":"Feature","geometry":{"type":"Polygon","coordinates":[[[127.5404,39.5464],[127.4409,39.547],[127.4044,39.5249],[127.3392,39.5309],[127.3135,39.5449],[127.2916,39.5784],[127.272,39.5785],[127.2399,39.5982],[127.2169,39.5927],[127.1743,39.5993],[127.1254,39.5905],[127.0595,39.5714],[127.0238,39.5799],[126.987,39.5496],[126.9511,39.5498],[126.9344,39.5354],[126.9331,39.4915],[126.9425,39.4775],[127.0019,39.4563],[127.0964,39.4905],[127.1454,39.4902],[127.2006,39.4816],[127.2868,39.4114],[127.3341,39.4051],[127.4132,39.4196],[127.442,39.4061],[127.5018,39.4272],[127.5124,39.3941],[127.5325,39.3895],[127.541,39.3574],[127.526,39.3471],[127.5166,39.2998],[127.5565,39.2916],[127.5665,39.3066],[127.5549,39.3535],[127.5187,39.4443],[127.5145,39.506],[127.5404,39.5464]]]},"properties":{"adm2_name":"Kumya","adm2_name1":null,"adm2_pcode":"KP0316","adm1_name":"South Hamgyong","adm1_pcode":"KP03","area_sqkm":689.6226836}},
{"type":"Feature","geometry":{"type":"Polygon","coordinates":[[[125.3106,40.0033],[125.1876,40.0851],[125.1117,40.0911],[125.0466,40.0653],[125.0541,40.0412],[125.0593,39.9423],[125.1068,39.9218],[125.1224,39.8939],[125.1077,39.8384],[125.1397,39.816],[125.1625,39.8131],[125.1789,39.8158],[125.2753,39.8736],[125.3205,39.835],[125.3237,39.8697],[125.3132,39.9076],[125.3603,39.9415],[125.3106,40.0033]]]},"properties":{"adm2_name":"Kusong City","adm2_name1":null,"adm2_pcode":"KP0603","adm1_name":"North Pyongan","adm1_pcode":"KP06","area_sqkm":530.18406069}},
{"type":"Feature","geometry":{"type":"MultiPolygon","coordinates":[[[[125.0331,38.3014],[125.0303,38.3438],[125.0502,38.3814],[125.0474,38.4218],[125.071,38.4512],[125.0677,38.4917],[125.0388,38.5294],[125.0099,38.5785],[125,38.5278],[125.0152,38.5001],[125.001,38.4749],[124.9372,38.4371],[124.8948,38.371],[124.8573,38.3374],[124.9095,38.3198],[124.945,38.2928],[124.9904,38.2712],[125.0198,38.2792],[125.0331,38.3014]]],[[[124.8762,38.5259],[124.8277,38.5478],[124.8021,38.5364],[124.8174,38.5168],[124.874,38.4936],[124.8943,38.502],[124.8762,38.5259]]]]},"properties":{"adm2_name":"Kwail","adm2_name1":null,"adm2_pcode":"KP0919","adm1_name":"South Hwanghae","adm1_pcode":"KP09","area_sqkm":311.85602559}},
{"type":"Feature","geometry":{"type":"Polygon","coordinates":[[[125.1077,39.8384],[125.0032,39.839],[124.9864,39.8224],[124.9986,39.7918],[124.9874,39.7418],[124.9411,39.7226],[124.926,39.6487],[124.9442,39.6631],[124.9709,39.6522],[124.9723,39.6355],[125.0591,39.616],[125.1037,39.6133],[125.1241,39.5663],[125.166,39.5751],[125.1794,39.5922],[125.144,39.6241],[125.1293,39.6798],[125.1307,39.7298],[125.1412,39.7548],[125.1683,39.788],[125.1625,39.8131],[125.1397,39.816],[125.1077,39.8384]]]},"properties":{"adm2_name":"Kwaksan","adm2_name1":null,"adm2_pcode":"KP0611","adm1_name":"North Pyongan","adm1_pcode":"KP06","area_sqkm":386.50463717}},
{"type":"Feature","geometry":{"type":"Polygon","coordinates":[[[130.2581,42.7045],[130.2477,42.6857],[130.2214,42.6721],[130.1942,42.599],[130.1124,42.5881],[130.0922,42.5502],[130.0592,42.522],[130.0193,42.4744],[129.983,42.45],[129.9729,42.4256],[129.979,42.3931],[129.9951,42.3823],[129.9783,42.3444],[129.9621,42.329],[130.0725,42.3147],[130.0989,42.331],[130.1345,42.3066],[130.174,42.306],[130.187,42.3229],[130.2262,42.3256],[130.2627,42.3663],[130.2695,42.3852],[130.3027,42.4204],[130.2802,42.4502],[130.3787,42.4854],[130.3985,42.4963],[130.4198,42.5359],[130.4407,42.5484],[130.4172,42.5678],[130.437,42.6],[130.4204,42.6138],[130.386,42.5984],[130.3555,42.6338],[130.307,42.6627],[130.293,42.6928],[130.2581,42.7045]]]},"properties":{"adm2_name":"Kyonghung","adm2_name1":null,"adm2_pcode":"KP0222","adm1_name":"North Hamgyong","adm1_pcode":"KP02","area_sqkm":907.34186161}},
{"type":"Feature","geometry":{"type":"Polygon","coordinates":[[[129.321,41.895],[129.2983,41.8432],[129.2521,41.8052],[129.242,41.789],[129.2445,41.7349],[129.2247,41.7186],[129.203,41.6673],[129.2222,41.6319],[129.2546,41.6238],[129.2313,41.5775],[129.2052,41.5665],[129.2048,41.5366],[129.1721,41.5175],[129.2073,41.4603],[129.341,41.4741],[129.3382,41.5176],[129.3644,41.5313],[129.4328,41.5286],[129.4459,41.5395],[129.5306,41.5395],[129.6024,41.545],[129.6347,41.5233],[129.6557,41.5211],[129.6502,41.5495],[129.6671,41.5709],[129.6881,41.6342],[129.7071,41.6662],[129.7402,41.6841],[129.7577,41.7193],[129.7411,41.7249],[129.6758,41.7139],[129.5496,41.7928],[129.5401,41.8119],[129.5404,41.8473],[129.5016,41.8663],[129.4758,41.8935],[129.4494,41.8635],[129.4233,41.8581],[129.3909,41.8744],[129.3647,41.8607],[129.3442,41.879],[129.321,41.895]]]},"properties":{"adm2_name":"Kyongsong","adm2_name1":null,"adm2_pcode":"KP0216","adm1_name":"North Hamgyong","adm1_pcode":"KP02","area_sqkm":1336.3146398}},
{"type":"Feature","geometry":{"type":"Polygon","coordinates":[[[130.1158,42.912],[130.0797,42.8821],[130.0934,42.8529],[130.0681,42.8139],[130.0169,42.7593],[130.0198,42.7369],[130.0455,42.7072],[130.0482,42.6666],[130.0315,42.6422],[130.0442,42.6179],[130.0277,42.6016],[130.0338,42.5745],[130.0563,42.5475],[130.0592,42.522],[130.0922,42.5502],[130.1124,42.5881],[130.1942,42.599],[130.2214,42.6721],[130.2477,42.6857],[130.2581,42.7045],[130.2344,42.7368],[130.2425,42.7552],[130.2274,42.7878],[130.2359,42.818],[130.2552,42.843],[130.2497,42.8578],[130.2681,42.8793],[130.2554,42.907],[130.2148,42.9036],[130.1729,42.9141],[130.1419,42.9029],[130.1158,42.912]]]},"properties":{"adm2_name":"Kyongwon","adm2_name1":null,"adm2_pcode":"KP0221","adm1_name":"North Hamgyong","adm1_pcode":"KP02","area_sqkm":557.59988985}},
{"type":"Feature","geometry":{"type":"Polygon","coordinates":[[[126.5302,39.7671],[126.5179,39.7642],[126.4717,39.7078],[126.4636,39.69],[126.4839,39.627],[126.4968,39.6189],[126.4995,39.5651],[126.4602,39.5436],[126.4665,39.5221],[126.4954,39.4898],[126.5483,39.4622],[126.5964,39.4869],[126.6131,39.5299],[126.6101,39.5487],[126.6813,39.5699],[126.7114,39.5905],[126.7164,39.6089],[126.7003,39.6525],[126.7539,39.7005],[126.7189,39.7378],[126.7578,39.7864],[126.7761,39.8355],[126.8028,39.8517],[126.8633,39.8649],[126.767,39.9009],[126.7506,39.8956],[126.7174,39.831],[126.6618,39.8177],[126.5866,39.7856],[126.5734,39.7748],[126.5302,39.7671]]]},"properties":{"adm2_name":"Maengsan","adm2_name1":null,"adm2_pcode":"KP0722","adm1_name":"South Pyongan","adm1_pcode":"KP07","area_sqkm":693.29262256}},
{"type":"Feature","geometry":{"type":"Polygon","coordinates":[[[126.5341,41.3609],[126.522,41.3485],[126.4864,41.3712],[126.4303,41.3501],[126.4274,41.3289],[126.4034,41.3255],[126.3935,41.3017],[126.3608,41.2781],[126.3536,41.2433],[126.319,41.2298],[126.3053,41.1901],[126.2717,41.1539],[126.2455,41.1481],[126.2267,41.1304],[126.1932,41.1168],[126.1681,41.0931],[126.1226,41.0897],[126.1281,41.0615],[126.1197,41.0326],[126.0948,41.0252],[126.0688,40.9859],[126.1044,41.0007],[126.1759,40.9871],[126.2051,40.9532],[126.2376,40.9681],[126.2379,40.9899],[126.264,40.9981],[126.2708,41.0253],[126.2548,41.0471],[126.2715,41.0852],[126.3175,41.1261],[126.3599,41.1289],[126.4058,41.1616],[126.4579,41.1589],[126.5167,41.1671],[126.5435,41.153],[126.5688,41.1671],[126.6374,41.1862],[126.6887,41.2302],[126.606,41.2924],[126.5538,41.2924],[126.4953,41.306],[126.5347,41.3332],[126.5341,41.3609]]]},"properties":{"adm2_name":"Manpho City","adm2_name1":null,"adm2_pcode":"KP0502","adm1_name":"Jagang","adm1_pcode":"KP05","area_sqkm":695.60452459}},
{"type":"Feature","geometry":{"type":"Polygon","coordinates":[[[127.3781,39.3578],[127.3476,39.3642],[127.2987,39.3616],[127.2625,39.3321],[127.1963,39.2354],[127.1799,39.2192],[127.1374,39.2032],[127.1606,39.1686],[127.2,39.1499],[127.2185,39.1788],[127.2579,39.2002],[127.3845,39.1973],[127.3637,39.2337],[127.368,39.2759],[127.3996,39.3108],[127.4243,39.3251],[127.4632,39.3254],[127.4662,39.354],[127.4464,39.3688],[127.4255,39.3482],[127.3781,39.3578]]]},"properties":{"adm2_name":"Munchon City","adm2_name1":null,"adm2_pcode":"KP0402","adm1_name":"Kangwon","adm1_pcode":"KP04","area_sqkm":294.28669447}},
{"type":"Feature","geometry":{"type":"Polygon","coordinates":[[[125.7198,39.4795],[125.7337,39.5398],[125.708,39.5721],[125.6394,39.5588],[125.6038,39.5804],[125.5516,39.5968],[125.5039,39.5756],[125.4345,39.571],[125.4436,39.5591],[125.4065,39.5414],[125.387,39.4884],[125.3412,39.4605],[125.3457,39.4351],[125.3801,39.4368],[125.446,39.4462],[125.5243,39.4514],[125.5698,39.4486],[125.6088,39.4378],[125.6971,39.4672],[125.7198,39.4795]],[[125.4427,39.4566],[125.4334,39.4812],[125.4612,39.5011],[125.4724,39.4919],[125.4609,39.4675],[125.4427,39.4566]]]},"properties":{"adm2_name":"Mundok","adm2_name1":null,"adm2_pcode":"KP0716","adm1_name":"South Pyongan","adm1_pcode":"KP07","area_sqkm":398.40306006}},
{"type":"Feature","geometry":{"type":"Polygon","coordinates":[[[129.3365,42.4101],[129.3108,42.4068],[129.2653,42.3744],[129.2444,42.3791],[129.2261,42.3559],[129.2564,42.329],[129.2241,42.3132],[129.2171,42.2656],[129.1766,42.259],[129.1749,42.2381],[129.1958,42.2278],[129.2021,42.2061],[129.1889,42.1891],[129.1591,42.1852],[129.1657,42.1652],[129.1262,42.1601],[129.1139,42.1389],[129.081,42.1425],[129.0351,42.1283],[129.0333,42.1048],[129.0125,42.0995],[129.0141,42.0893],[129.0381,42.0893],[129.119,42.0376],[129.1384,42.0185],[129.1869,41.9886],[129.1899,41.9641],[129.2125,41.9505],[129.2583,41.9641],[129.2777,41.956],[129.3003,41.9288],[129.2968,41.9124],[129.321,41.895],[129.3442,41.879],[129.3517,41.919],[129.3718,41.9596],[129.4217,42.0192],[129.4577,42.0246],[129.4841,42.0436],[129.5298,42.0409],[129.5631,42.087],[129.58,42.1249],[129.5514,42.1844],[129.4996,42.2169],[129.5099,42.2493],[129.5265,42.2656],[129.5005,42.2791],[129.4814,42.3089],[129.4553,42.3143],[129.4192,42.3007],[129.3997,42.3061],[129.3291,42.3954],[129.3365,42.4101]]]},"properties":{"adm2_name":"Musan","adm2_name1":null,"adm2_pcode":"KP0218","adm1_name":"North Hamgyong","adm1_pcode":"KP02","area_sqkm":1313.37384942}},
{"type":"Feature","geometry":{"type":"Polygon","coordinates":[[[129.7212,41.1016],[129.6663,41.0855],[129.643,41.0557],[129.5971,41.0421],[129.564,41.0096],[129.5346,41.0096],[129.424,41.0366],[129.3911,41.0257],[129.3421,41.0203],[129.2739,41.05],[129.2218,41.0581],[129.2311,41.0229],[129.2928,41.004],[129.3386,41.0041],[129.3612,40.9851],[129.3705,40.9526],[129.3403,40.8958],[129.3466,40.8795],[129.3944,40.8587],[129.4573,40.858],[129.5099,40.8824],[129.5265,40.9013],[129.5592,40.9068],[129.6111,40.8824],[129.66,40.8744],[129.6928,40.8852],[129.736,40.8715],[129.7573,40.9042],[129.7651,40.9383],[129.7351,40.9666],[129.7354,40.9923],[129.7207,41.0168],[129.7341,41.089],[129.7212,41.1016]]]},"properties":{"adm2_name":"Myongchon","adm2_name1":null,"adm2_pcode":"KP0213","adm1_name":"North Hamgyong","adm1_pcode":"KP02","area_sqkm":625.89683565}},
{"type":"Feature","geometry":{"type":"Polygon","coordinates":[[[129.0871,41.2245],[129.1446,41.142],[129.1864,41.096],[129.2091,41.0852],[129.2218,41.0581],[129.2739,41.05],[129.3421,41.0203],[129.3911,41.0257],[129.424,41.0366],[129.5346,41.0096],[129.564,41.0096],[129.5971,41.0421],[129.643,41.0557],[129.6663,41.0855],[129.7212,41.1016],[129.7216,41.1953],[129.7371,41.2209],[129.714,41.2209],[129.6424,41.2425],[129.5735,41.2154],[129.5639,41.2343],[129.5316,41.2559],[129.463,41.2559],[129.4241,41.2748],[129.3395,41.2964],[129.2904,41.291],[129.2057,41.3044],[129.163,41.2855],[129.1267,41.2611],[129.0871,41.2245]]]},"properties":{"adm2_name":"Myonggan","adm2_name1":null,"adm2_pcode":"KP0214","adm1_name":"North Hamgyong","adm1_pcode":"KP02","area_sqkm":1202.30109081}},
{"type":"Feature","geometry":{"type":"MultiPolygon","coordinates":[[[[125.2954,38.7911],[125.2673,38.7694],[125.2518,38.7641],[125.225,38.7219],[125.2822,38.6876],[125.3166,38.7053],[125.3969,38.7152],[125.4336,38.7313],[125.4424,38.7522],[125.4883,38.7145],[125.5291,38.7176],[125.5581,38.6919],[125.595,38.6572],[125.6298,38.6569],[125.6169,38.7006],[125.5785,38.7328],[125.5428,38.7463],[125.5074,38.7868],[125.4749,38.7949],[125.4227,38.7843],[125.3904,38.8112],[125.374,38.8032],[125.2954,38.7911]]],[[[125.1658,38.6182],[125.1838,38.6065],[125.226,38.6145],[125.2409,38.6276],[125.2466,38.6577],[125.2108,38.6459],[125.1893,38.6494],[125.1658,38.6182]]]]},"properties":{"adm2_name":"Nampo City","adm2_name1":null,"adm2_pcode":"KP1102","adm1_name":"Nampo","adm1_pcode":"KP11","area_sqkm":270.4017197}},
{"type":"Feature","geometry":{"type":"Polygon","coordinates":[[[125.689,39.9872],[125.6693,39.9464],[125.6916,39.9296],[125.6845,39.9102],[125.6452,39.9049],[125.6348,39.8827],[125.6403,39.8493],[125.6068,39.8189],[125.6092,39.7952],[125.6394,39.8159],[125.6716,39.799],[125.6699,39.7406],[125.6923,39.7238],[125.7215,39.7181],[125.7544,39.6577],[125.7822,39.665],[125.8008,39.685],[125.8236,39.6905],[125.837,39.7168],[125.855,39.7458],[125.8986,39.7505],[125.941,39.784],[125.943,39.8142],[125.8956,39.8673],[125.8614,39.9276],[125.8151,39.9067],[125.7823,39.9013],[125.7185,39.9545],[125.7125,39.974],[125.689,39.9872]]]},"properties":{"adm2_name":"Nyongbyon","adm2_name1":null,"adm2_pcode":"KP0614","adm1_name":"North Pyongan","adm1_pcode":"KP06","area_sqkm":543.66536162}},
{"type":"Feature","geometry":{"type":"Polygon","coordinates":[[[126.7416,40.1875],[126.7075,40.1536],[126.6636,40.1442],[126.6003,40.1114],[126.5697,40.0889],[126.5597,40.0414],[126.4737,40.0216],[126.4466,39.9975],[126.4036,39.9939],[126.3602,40.0176],[126.3433,39.9928],[126.3422,39.9592],[126.3694,39.923],[126.3672,39.8939],[126.4376,39.8639],[126.4471,39.8424],[126.4698,39.8369],[126.4889,39.7938],[126.5302,39.7671],[126.5734,39.7748],[126.5866,39.7856],[126.6618,39.8177],[126.7174,39.831],[126.7506,39.8956],[126.767,39.9009],[126.8633,39.8649],[126.9095,39.8666],[126.8813,39.9356],[126.8392,39.9546],[126.7747,40.0112],[126.7716,40.0274],[126.811,40.0569],[126.821,40.0757],[126.7528,40.0974],[126.7433,40.127],[126.7416,40.1875]]]},"properties":{"adm2_name":"Nyongwon","adm2_name1":null,"adm2_pcode":"KP0724","adm1_name":"South Pyongan","adm1_pcode":"KP07","area_sqkm":1092.30741874}},
{"type":"Feature","geometry":{"type":"Polygon","coordinates":[[[125.358,38.9569],[125.2813,38.9675],[125.2551,38.9595],[125.2182,38.9945],[125.1786,38.9409],[125.151,38.8798],[125.1384,38.8762],[125.1467,38.8312],[125.1367,38.8057],[125.1508,38.784],[125.1907,38.7669],[125.2105,38.7384],[125.2307,38.7738],[125.2673,38.7694],[125.2954,38.7911],[125.2965,38.8653],[125.3688,38.9257],[125.358,38.9569]]]},"properties":{"adm2_name":"Onchon","adm2_name1":null,"adm2_pcode":"KP1103","adm1_name":"Nampo","adm1_pcode":"KP11","area_sqkm":317.98779526}},
{"type":"Feature","geometry":{"type":"MultiPolygon","coordinates":[[[[125.2393,38.0507],[125.2238,38.023],[125.2016,38.0513],[125.1809,38.0569],[125.1117,38.0444],[125.1027,38.0203],[125.1191,37.9923],[125.1399,37.9878],[125.1325,37.9595],[125.0882,37.9581],[125.0757,37.9783],[125.0163,37.9622],[124.985,37.9468],[124.9765,37.9274],[125.0055,37.9202],[125.0319,37.8973],[125.0621,37.9012],[125.0835,37.8759],[125.1317,37.8633],[125.1934,37.8688],[125.2431,37.9021],[125.3015,37.8849],[125.296,37.8668],[125.2406,37.816],[125.3461,37.819],[125.3567,37.8601],[125.4086,37.8544],[125.4334,37.8757],[125.3902,37.879],[125.3979,37.8959],[125.4041,37.9636],[125.3782,37.9825],[125.3558,38.0202],[125.3266,38.0283],[125.2551,38.0419],[125.2393,38.0507]]],[[[125.0478,37.8345],[125.0051,37.8214],[125.021,37.7971],[125.0419,37.8131],[125.0478,37.8345]]]]},"properties":{"adm2_name":"Ongjin","adm2_name1":null,"adm2_pcode":"KP0903","adm1_name":"South Hwanghae","adm1_pcode":"KP09","area_sqkm":571.94288132}},
{"type":"Feature","geometry":{"type":"Polygon","coordinates":[[[130.1158,42.912],[130.1318,42.9336],[130.1147,42.951],[130.144,42.9699],[130.1187,42.9872],[130.0906,42.9841],[130.0603,42.9681],[130.0198,42.968],[129.9553,42.9786],[129.9547,43.0113],[129.9061,43.0065],[129.8793,42.9918],[129.8494,42.9533],[129.87,42.9197],[129.8438,42.9189],[129.8367,42.8639],[129.8135,42.8497],[129.8072,42.808],[129.8444,42.8045],[129.893,42.7747],[129.9714,42.7748],[130.0169,42.7593],[130.0681,42.8139],[130.0934,42.8529],[130.0797,42.8821],[130.1158,42.912]]]},"properties":{"adm2_name":"Onsong","adm2_name1":null,"adm2_pcode":"KP0220","adm1_name":"North Hamgyong","adm1_pcode":"KP02","area_sqkm":476.43431541}},
{"type":"Feature","geometry":{"type":"Polygon","coordinates":[[[129.0513,41.5685],[129.0511,41.5294],[128.9819,41.4736],[128.9622,41.4286],[128.9688,41.3808],[129.0286,41.288],[129.0305,41.2603],[128.9938,41.2125],[128.9932,41.1855],[129.0409,41.1987],[129.0871,41.2245],[129.1267,41.2611],[129.163,41.2855],[129.2057,41.3044],[129.2904,41.291],[129.3395,41.2964],[129.4241,41.2748],[129.463,41.2559],[129.5316,41.2559],[129.5639,41.2343],[129.5735,41.2154],[129.6424,41.2425],[129.714,41.2209],[129.7371,41.2209],[129.7346,41.2432],[129.7611,41.2728],[129.7581,41.2925],[129.7817,41.312],[129.7997,41.3687],[129.7664,41.3857],[129.7306,41.4179],[129.6998,41.4267],[129.6604,41.4664],[129.6557,41.5211],[129.6347,41.5233],[129.6024,41.545],[129.5306,41.5395],[129.4459,41.5395],[129.4328,41.5286],[129.3644,41.5313],[129.3382,41.5176],[129.341,41.4741],[129.2073,41.4603],[129.1721,41.5175],[129.2048,41.5366],[129.2052,41.5665],[129.2313,41.5775],[129.2546,41.6238],[129.2222,41.6319],[129.203,41.6673],[129.1341,41.6264],[129.1306,41.6019],[129.0947,41.5964],[129.0513,41.5685]]]},"properties":{"adm2_name":"Orang","adm2_name1":null,"adm2_pcode":"KP0215","adm1_name":"North Hamgyong","adm1_pcode":"KP02","area_sqkm":1934.53270442}},
{"type":"Feature","geometry":{"type":"MultiPolygon","coordinates":[[[[126.3828,38.0609],[126.3531,38.0585],[126.3336,38.0693],[126.2199,38.0937],[126.1808,38.0938],[126.1187,38.0711],[126.1246,38.0186],[126.1632,37.9755],[126.1891,37.9593],[126.1824,37.9404],[126.2115,37.9188],[126.2113,37.9],[126.1913,37.8624],[126.1945,37.8457],[126.2342,37.8573],[126.2674,37.8405],[126.3408,37.8774],[126.3934,37.8845],[126.413,37.9081],[126.3903,37.9253],[126.3917,37.9705],[126.4039,37.9961],[126.3902,38.0227],[126.4017,38.035],[126.3828,38.0609]]],[[[126.3752,37.8341],[126.3975,37.8636],[126.3593,37.8627],[126.3752,37.8341]]]]},"properties":{"adm2_name":"Paechon","adm2_name1":null,"adm2_pcode":"KP0915","adm1_name":"South Hwanghae","adm1_pcode":"KP09","area_sqkm":506.09853956}},
{"type":"Feature","geometry":{"type":"Polygon","coordinates":[[[128.4961,41.8529],[128.5369,41.8102],[128.5593,41.7723],[128.5854,41.7723],[128.6142,41.729],[128.6597,41.7182],[128.6918,41.6803],[128.6782,41.6424],[128.6823,41.4719],[128.6541,41.4394],[128.7171,41.3907],[128.7037,41.3663],[128.7099,41.3474],[128.7747,41.3068],[128.8036,41.2771],[128.8098,41.2527],[128.8086,41.1704],[128.8425,41.178],[128.9675,41.1219],[128.9888,41.0989],[129.0069,41.1247],[128.9932,41.1855],[128.9938,41.2125],[129.0305,41.2603],[129.0286,41.288],[128.9688,41.3808],[128.9622,41.4286],[128.9819,41.4736],[129.0511,41.5294],[129.0513,41.5685],[129.0239,41.6069],[128.9919,41.6272],[128.9272,41.6403],[128.9533,41.6778],[128.935,41.7114],[128.923,41.7811],[128.9261,41.8219],[128.8741,41.8256],[128.8664,41.8517],[128.8383,41.8964],[128.8093,41.9237],[128.7665,41.8753],[128.7239,41.8698],[128.6588,41.8806],[128.6093,41.8481],[128.5244,41.848],[128.4961,41.8529]]]},"properties":{"adm2_name":"Paekam","adm2_name1":null,"adm2_pcode":"KP0110","adm1_name":"Ryanggang","adm1_pcode":"KP01","area_sqkm":1946.11620757}},
{"type":"Feature","geometry":{"type":"Polygon","coordinates":[[[125.527,39.7693],[125.5127,39.7276],[125.5155,39.7081],[125.5608,39.694],[125.5631,39.6606],[125.5039,39.647],[125.4736,39.6166],[125.427,39.5808],[125.4345,39.571],[125.5039,39.5756],[125.5516,39.5968],[125.5789,39.6019],[125.6347,39.6364],[125.6941,39.6314],[125.7544,39.6577],[125.7215,39.7181],[125.6923,39.7238],[125.6699,39.7406],[125.6716,39.799],[125.6394,39.8159],[125.6092,39.7952],[125.5507,39.7997],[125.527,39.7693]]]},"properties":{"adm2_name":"Pakchon","adm2_name1":null,"adm2_pcode":"KP0613","adm1_name":"North Pyongan","adm1_pcode":"KP06","area_sqkm":342.88151433}},
{"type":"Feature","geometry":{"type":"Polygon","coordinates":[[[127.2071,38.8227],[127.1496,38.8291],[127.1274,38.8776],[127.1079,38.883],[127.0426,38.8751],[127.02,38.8913],[126.9913,38.9261],[126.9656,38.9083],[126.9183,38.9064],[126.8736,38.8792],[126.8757,38.8119],[126.87,38.7825],[126.8183,38.7169],[126.8008,38.6855],[126.7597,38.6569],[126.7008,38.6436],[126.6789,38.6256],[126.6822,38.6078],[126.7077,38.5802],[126.7334,38.5932],[126.7762,38.6388],[126.8121,38.6442],[126.8315,38.6253],[126.8406,38.5661],[126.8797,38.5687],[126.9323,38.6089],[126.9743,38.5819],[127.0267,38.6033],[127.0555,38.5602],[127.0752,38.5736],[127.0888,38.6274],[127.0632,38.6678],[127.0896,38.7001],[127.0998,38.7404],[127.1259,38.7458],[127.2079,38.794],[127.2071,38.8227]]]},"properties":{"adm2_name":"Phangyo","adm2_name1":null,"adm2_pcode":"KP0415","adm1_name":"Kangwon","adm1_pcode":"KP04","area_sqkm":886.69784449}},
{"type":"Feature","geometry":{"type":"Polygon","coordinates":[[[124.4721,40.112],[124.4422,40.0925],[124.4342,40.0397],[124.4202,40.0127],[124.4295,39.9897],[124.465,39.9756],[124.5442,40.0029],[124.5703,40.0028],[124.6543,39.9717],[124.6838,39.9743],[124.7044,40.0104],[124.7409,40.0296],[124.738,40.0435],[124.7,40.0827],[124.7007,40.1077],[124.6517,40.108],[124.5934,40.125],[124.5472,40.1086],[124.4818,40.1062],[124.4721,40.112]]]},"properties":{"adm2_name":"Phihyon","adm2_name1":null,"adm2_pcode":"KP0605","adm1_name":"North Pyongan","adm1_pcode":"KP06","area_sqkm":325.21085157}},
{"type":"Feature","geometry":{"type":"Polygon","coordinates":[[[127.7907,41.1164],[127.7947,41.0897],[127.7755,41.0308],[127.7405,41.0033],[127.7005,41.0036],[127.6903,40.9889],[127.7119,40.9686],[127.7169,40.945],[127.6861,40.9089],[127.61,40.8664],[127.5955,40.8503],[127.6189,40.7758],[127.6461,40.7442],[127.6733,40.7],[127.7116,40.6808],[127.7239,40.6089],[127.7792,40.6002],[127.8343,40.6349],[127.8778,40.7053],[127.9174,40.7351],[127.9767,40.7703],[127.9834,40.7866],[127.9447,40.8163],[127.9417,40.838],[127.9714,40.8596],[128.0338,40.884],[128.0761,40.8732],[128.1516,40.895],[128.2133,40.8761],[128.2393,40.8625],[128.2979,40.8545],[128.3568,40.8599],[128.4073,40.8582],[128.4386,40.91],[128.4413,40.9408],[128.4337,40.9786],[128.3913,40.9926],[128.3324,40.9817],[128.2284,41.0141],[128.2123,41.0358],[128.1569,41.0411],[128.0981,41.0384],[128.069,41.06],[128.0596,41.0898],[128.0041,41.087],[127.9777,41.0708],[127.9483,41.0735],[127.9258,41.0951],[127.8899,41.0978],[127.7907,41.1164]]]},"properties":{"adm2_name":"Phungso","adm2_name1":null,"adm2_pcode":"KP0112","adm1_name":"Ryanggang","adm1_pcode":"KP01","area_sqkm":1823.18950548}},
{"type":"Feature","geometry":{"type":"Polygon","coordinates":[[[127.4691,38.5459],[127.4366,38.5487],[127.4135,38.5245],[127.3648,38.5381],[127.3484,38.53],[127.3318,38.5005],[127.2797,38.5006],[127.2608,38.5598],[127.2217,38.5599],[127.1732,38.595],[127.0888,38.6274],[127.0752,38.5736],[127.0555,38.5602],[127.0178,38.4731],[127.0248,38.4257],[127.0406,38.3827],[127.073,38.3638],[127.1025,38.3825],[127.1709,38.3797],[127.2422,38.3473],[127.2518,38.3252],[127.2918,38.313],[127.367,38.3243],[127.4387,38.441],[127.4617,38.4625],[127.449,38.4948],[127.4787,38.5271],[127.4691,38.5459]]]},"properties":{"adm2_name":"Phyonggang","adm2_name1":null,"adm2_pcode":"KP0412","adm1_name":"Kangwon","adm1_pcode":"KP04","area_sqkm":804.40118376}},
{"type":"Feature","geometry":{"type":"Polygon","coordinates":[[[126.3827,38.4728],[126.3572,38.4406],[126.3049,38.4245],[126.256,38.4273],[126.226,38.3601],[126.1892,38.3556],[126.1734,38.3199],[126.2156,38.2983],[126.2024,38.2821],[126.2184,38.2358],[126.2722,38.2414],[126.3886,38.2017],[126.4185,38.1759],[126.4262,38.1983],[126.4167,38.2198],[126.4398,38.252],[126.4305,38.2897],[126.4602,38.3274],[126.5158,38.3541],[126.5291,38.3783],[126.5487,38.381],[126.5358,38.3918],[126.5427,38.4321],[126.4973,38.4511],[126.4618,38.4753],[126.4489,38.4942],[126.413,38.4889],[126.3827,38.4728]]]},"properties":{"adm2_name":"Phyongsan","adm2_name1":null,"adm2_pcode":"KP0816","adm1_name":"North Hwanghae","adm1_pcode":"KP08","area_sqkm":602.75005642}},
{"type":"Feature","geometry":{"type":"Polygon","coordinates":[[[128.4886,41.8561],[128.4519,41.802],[128.4678,41.7722],[128.4735,41.7154],[128.4661,41.6504],[128.4098,41.5962],[128.3604,41.5664],[128.3089,41.5833],[128.2899,41.5591],[128.2784,41.5233],[128.232,41.4927],[128.2936,41.4635],[128.3197,41.4662],[128.3691,41.4933],[128.418,41.4825],[128.4639,41.5015],[128.506,41.4718],[128.5839,41.4393],[128.6541,41.4394],[128.6823,41.4719],[128.6782,41.6424],[128.6918,41.6803],[128.6597,41.7182],[128.6142,41.729],[128.5854,41.7723],[128.5593,41.7723],[128.5369,41.8102],[128.4961,41.8529],[128.4886,41.8561]]]},"properties":{"adm2_name":"Pochon","adm2_name1":null,"adm2_pcode":"KP0106","adm1_name":"Ryanggang","adm1_pcode":"KP01","area_sqkm":831.10095271}},
{"type":"Feature","geometry":{"type":"Polygon","coordinates":[[[126.4185,38.1759],[126.3886,38.2017],[126.2722,38.2414],[126.2184,38.2358],[126.158,38.203],[126.1264,38.208],[126.0753,38.175],[126.0453,38.1919],[125.9992,38.1758],[125.9825,38.1292],[126.0246,38.1103],[126.0342,38.0914],[126.0765,38.086],[126.1187,38.0711],[126.1808,38.0938],[126.2199,38.0937],[126.3336,38.0693],[126.3531,38.0585],[126.3828,38.0609],[126.3953,38.0939],[126.3708,38.1031],[126.3783,38.1275],[126.4178,38.1486],[126.4185,38.1759]]]},"properties":{"adm2_name":"Pongchon","adm2_name1":null,"adm2_pcode":"KP0914","adm1_name":"South Hwanghae","adm1_pcode":"KP09","area_sqkm":508.48340284}},
{"type":"Feature","geometry":{"type":"Polygon","coordinates":[[[125.7759,38.614],[125.7787,38.5683],[125.7688,38.5548],[125.765,38.5037],[125.7193,38.4984],[125.7071,38.4862],[125.7582,38.4795],[125.8325,38.4255],[125.8749,38.4281],[125.891,38.412],[125.9309,38.4367],[125.9404,38.463],[126.0055,38.4548],[126.0645,38.4896],[126.0744,38.5058],[126.0716,38.5434],[126.0881,38.5649],[126.0975,38.5977],[126.0723,38.6134],[126.043,38.6135],[125.9777,38.5948],[125.929,38.611],[125.8899,38.6111],[125.8571,38.5896],[125.7847,38.6194],[125.7759,38.614]]]},"properties":{"adm2_name":"Pongsan","adm2_name1":null,"adm2_pcode":"KP0807","adm1_name":"North Hwanghae","adm1_pcode":"KP08","area_sqkm":476.67618236}},
{"type":"Feature","geometry":{"type":"Polygon","coordinates":[[[127.0617,39.1738],[127.0558,39.1505],[126.995,39.1236],[126.982,39.0692],[126.9778,39.038],[127.0191,38.9825],[127.0111,38.9475],[126.9913,38.9261],[127.02,38.8913],[127.0426,38.8751],[127.1079,38.883],[127.1274,38.8776],[127.1496,38.8291],[127.2071,38.8227],[127.2381,38.8774],[127.2677,38.9015],[127.297,38.8961],[127.3102,38.9149],[127.2975,38.9499],[127.2819,39.0145],[127.2625,39.028],[127.2694,39.0657],[127.2113,39.1089],[127.2,39.1499],[127.1606,39.1686],[127.1271,39.1602],[127.0947,39.1764],[127.0617,39.1738]]]},"properties":{"adm2_name":"Popdong","adm2_name1":null,"adm2_pcode":"KP0416","adm1_name":"Kangwon","adm1_pcode":"KP04","area_sqkm":750.98307075}},
{"type":"Feature","geometry":{"type":"Polygon","coordinates":[[[127.7337,41.1359],[127.6555,41.1453],[127.638,41.1278],[127.625,41.0839],[127.6089,41.065],[127.5817,41.0614],[127.5056,41.0708],[127.495,41.0239],[127.4811,41.01],[127.4075,40.9642],[127.3964,40.9236],[127.4173,40.8273],[127.4655,40.7483],[127.4713,40.7232],[127.4501,40.6677],[127.472,40.6342],[127.4912,40.6202],[127.4826,40.5479],[127.4593,40.5314],[127.484,40.4812],[127.4787,40.4117],[127.4712,40.3756],[127.5725,40.3806],[127.6542,40.3801],[127.6805,40.3883],[127.7009,40.4132],[127.7341,40.4158],[127.7275,40.4244],[127.7286,40.4778],[127.7697,40.5203],[127.7691,40.5669],[127.7792,40.6002],[127.7239,40.6089],[127.7116,40.6808],[127.6733,40.7],[127.6461,40.7442],[127.6189,40.7758],[127.5955,40.8503],[127.61,40.8664],[127.6861,40.9089],[127.7169,40.945],[127.7119,40.9686],[127.6903,40.9889],[127.7005,41.0036],[127.7405,41.0033],[127.7755,41.0308],[127.7947,41.0897],[127.7907,41.1164],[127.7817,41.1261],[127.7337,41.1359]]]},"properties":{"adm2_name":"Pujon","adm2_name1":null,"adm2_pcode":"KP0313","adm1_name":"South Hamgyong","adm1_pcode":"KP03","area_sqkm":1692.09703071}},
{"type":"Feature","geometry":{"type":"Polygon","coordinates":[[[126.1974,39.6411],[126.1966,39.5711],[126.1281,39.5632],[126.0925,39.5794],[126.083,39.6063],[126.0339,39.5849],[125.985,39.5823],[126.0011,39.5661],[126.0402,39.566],[126.0822,39.5337],[126.1344,39.5443],[126.2061,39.5442],[126.2386,39.536],[126.2644,39.5171],[126.3132,39.5063],[126.3521,39.4901],[126.3856,39.4571],[126.4132,39.4173],[126.4491,39.4199],[126.5015,39.4467],[126.5483,39.4622],[126.4954,39.4898],[126.4665,39.5221],[126.4602,39.5436],[126.4995,39.5651],[126.4968,39.6189],[126.4839,39.627],[126.4636,39.69],[126.4228,39.6998],[126.3641,39.6999],[126.2924,39.6893],[126.2564,39.6759],[126.1974,39.6411]]]},"properties":{"adm2_name":"Pukchang","adm2_name1":null,"adm2_pcode":"KP0721","adm1_name":"South Pyongan","adm1_pcode":"KP07","area_sqkm":626.09022258}},
{"type":"Feature","geometry":{"type":"Polygon","coordinates":[[[128.4276,40.3604],[128.3746,40.3343],[128.3286,40.3234],[128.2688,40.2876],[128.2424,40.2794],[128.1576,40.2827],[128.1083,40.2718],[128.0817,40.2553],[128.1265,40.2244],[128.1782,40.2047],[128.1909,40.1907],[128.1893,40.1378],[128.2638,40.1152],[128.3236,40.151],[128.3858,40.1562],[128.4141,40.1077],[128.4434,40.1017],[128.4722,40.1321],[128.52,40.1339],[128.5564,40.1685],[128.5891,40.1799],[128.5804,40.2218],[128.552,40.2581],[128.5198,40.2722],[128.5175,40.3084],[128.505,40.3252],[128.4276,40.3604]]]},"properties":{"adm2_name":"Pukchong","adm2_name1":null,"adm2_pcode":"KP0321","adm1_name":"South Hamgyong","adm1_pcode":"KP03","area_sqkm":696.30603204}},
{"type":"Feature","geometry":{"type":"Polygon","coordinates":[[[129.8614,42.26],[129.8368,42.2739],[129.7576,42.217],[129.7227,42.2847],[129.6904,42.3144],[129.6351,42.3252],[129.599,42.3171],[129.5265,42.2656],[129.5099,42.2493],[129.4996,42.2169],[129.5514,42.1844],[129.58,42.1249],[129.5631,42.087],[129.5298,42.0409],[129.5617,41.9922],[129.6692,41.9679],[129.7045,41.9247],[129.7273,41.922],[129.7964,41.9626],[129.7975,42.0384],[129.8306,42.0709],[129.8212,42.098],[129.8314,42.1251],[129.8581,42.163],[129.8614,42.26]]]},"properties":{"adm2_name":"Puryong","adm2_name1":null,"adm2_pcode":"KP0219","adm1_name":"North Hamgyong","adm1_pcode":"KP02","area_sqkm":856.37562553}},
{"type":"Feature","geometry":{"type":"Polygon","coordinates":[[[125.4113,40.6544],[125.4187,40.6361],[125.3897,40.6298],[125.3663,40.6492],[125.32,40.6385],[125.2979,40.6539],[125.2683,40.6463],[125.2508,40.6119],[125.1739,40.5994],[125.1278,40.5724],[125.2281,40.508],[125.2662,40.4688],[125.2982,40.4464],[125.385,40.3986],[125.4202,40.3734],[125.4389,40.3427],[125.4659,40.3731],[125.4735,40.4092],[125.5094,40.409],[125.599,40.3945],[125.5753,40.4236],[125.593,40.483],[125.6139,40.52],[125.5928,40.5733],[125.5386,40.5733],[125.4986,40.6155],[125.4113,40.6544]]]},"properties":{"adm2_name":"Pyokdong","adm2_name1":null,"adm2_pcode":"KP0604","adm1_name":"North Pyongan","adm1_pcode":"KP06","area_sqkm":766.60804111}},
{"type":"Feature","geometry":{"type":"Polygon","coordinates":[[[125.3583,38.2191],[125.3054,38.1764],[125.3273,38.0956],[125.3266,38.0283],[125.3558,38.0202],[125.3782,37.9825],[125.4041,37.9636],[125.4434,37.9823],[125.5446,38.0063],[125.5709,38.0171],[125.5808,38.0366],[125.5816,38.1139],[125.6112,38.1354],[125.6018,38.1757],[125.5401,38.1893],[125.5045,38.2163],[125.4621,38.2083],[125.3873,38.2246],[125.3583,38.2191]]]},"properties":{"adm2_name":"Pyoksong","adm2_name1":null,"adm2_pcode":"KP0920","adm1_name":"South Hwanghae","adm1_pcode":"KP09","area_sqkm":554.2987499}},
{"type":"Feature","geometry":{"type":"Polygon","coordinates":[[[125.801,39.4003],[125.8329,39.3727],[125.7801,39.3109],[125.759,39.2665],[125.7817,39.2364],[125.827,39.2201],[125.8545,39.2397],[125.8857,39.2216],[125.925,39.2347],[125.9483,39.2272],[125.973,39.2035],[126.0247,39.2136],[126.0394,39.2328],[126.0205,39.2512],[125.9756,39.3159],[125.9866,39.3436],[125.9405,39.3806],[125.9015,39.386],[125.8529,39.4157],[125.8087,39.4317],[125.801,39.4003]]]},"properties":{"adm2_name":"Pyongsong City","adm2_name1":null,"adm2_pcode":"KP0701","adm1_name":"South Pyongan","adm1_pcode":"KP07","area_sqkm":333.6121}},
{"type":"Feature","geometry":{"type":"Polygon","coordinates":[[[125.4581,39.3206],[125.4055,39.2938],[125.4127,39.2646],[125.3954,39.2578],[125.3879,39.2328],[125.4109,39.2068],[125.4816,39.1642],[125.541,39.185],[125.5605,39.1822],[125.5836,39.2118],[125.6348,39.2009],[125.6194,39.2272],[125.6308,39.2475],[125.6722,39.258],[125.713,39.2814],[125.7433,39.2794],[125.759,39.2665],[125.7801,39.3109],[125.8329,39.3727],[125.801,39.4003],[125.7354,39.3971],[125.6925,39.3434],[125.6502,39.3516],[125.611,39.3409],[125.5881,39.3248],[125.5132,39.3276],[125.4581,39.3206]]]},"properties":{"adm2_name":"Pyongwon","adm2_name1":null,"adm2_pcode":"KP0714","adm1_name":"South Pyongan","adm1_pcode":"KP07","area_sqkm":461.0776603}},
{"type":"Feature","geometry":{"type":"Polygon","coordinates":[[[125.827,39.2201],[125.7817,39.2364],[125.759,39.2665],[125.7433,39.2794],[125.713,39.2814],[125.6722,39.258],[125.6308,39.2475],[125.6194,39.2272],[125.6348,39.2009],[125.6405,39.1742],[125.6336,39.1489],[125.6625,39.13],[125.6608,39.1178],[125.5822,39.0694],[125.575,39.0542],[125.5789,39.0103],[125.6059,38.9388],[125.672,38.9506],[125.7013,38.9468],[125.7334,38.9047],[125.7464,38.902],[125.7923,38.9234],[125.8215,38.9207],[125.8603,38.8937],[125.8997,38.9178],[125.9289,38.9097],[125.9619,38.9473],[125.9494,38.9931],[125.956,39.0092],[126.0081,39.0037],[126.0423,39.008],[126.0518,39.0477],[126.0419,39.0762],[125.9947,39.1436],[125.973,39.2035],[125.9483,39.2272],[125.925,39.2347],[125.8857,39.2216],[125.8708,39.192],[125.8506,39.1897],[125.827,39.2201]]]},"properties":{"adm2_name":"Pyongyang","adm2_name1":null,"adm2_pcode":"KP1001","adm1_name":"Pyongyang","adm1_pcode":"KP10","area_sqkm":1166.94691215}},
{"type":"Feature","geometry":{"type":"Polygon","coordinates":[[[127.8872,39.9685],[127.8878,39.9838],[127.8386,39.9785],[127.7701,39.9793],[127.7657,39.94],[127.7519,39.9151],[127.7014,39.8625],[127.6909,39.8335],[127.7368,39.8495],[127.7761,39.8474],[127.8037,39.8723],[127.8379,39.8772],[127.8711,39.901],[127.8829,39.9241],[127.8697,39.9365],[127.8872,39.9685]]]},"properties":{"adm2_name":"Rakwon","adm2_name1":null,"adm2_pcode":"KP0319","adm1_name":"South Hamgyong","adm1_pcode":"KP03","area_sqkm":141.58100748}},
{"type":"Feature","geometry":{"type":"Polygon","coordinates":[[[127.195,41.135],[127.129,41.0395],[127.1094,41.0286],[127.0606,41.0257],[127.0475,41.0175],[127.0244,40.9767],[127.008,40.963],[126.9788,40.971],[126.9277,40.9575],[126.9296,40.9247],[126.9132,40.871],[126.9031,40.846],[126.9036,40.7998],[126.9556,40.7835],[126.9661,40.7678],[126.9716,40.7562],[126.9549,40.7208],[126.9547,40.6963],[126.9868,40.6528],[126.9569,40.5983],[126.966,40.5357],[126.9592,40.5166],[126.9845,40.4626],[127.0078,40.4817],[127.0061,40.548],[127.023,40.5672],[127.0672,40.5761],[127.1236,40.6153],[127.2058,40.6286],[127.2269,40.6661],[127.2322,40.7033],[127.2683,40.7361],[127.3072,40.7467],[127.3516,40.7742],[127.3947,40.7839],[127.4173,40.8273],[127.3964,40.9236],[127.4075,40.9642],[127.4811,41.01],[127.495,41.0239],[127.5056,41.0708],[127.5003,41.1422],[127.4878,41.1625],[127.4486,41.1697],[127.3811,41.1467],[127.358,41.1117],[127.325,41.1],[127.2306,41.1122],[127.195,41.135]]]},"properties":{"adm2_name":"Rangrim","adm2_name1":null,"adm2_pcode":"KP0504","adm1_name":"Jagang","adm1_pcode":"KP05","area_sqkm":1959.74373088}},
{"type":"Feature","geometry":{"type":"Polygon","coordinates":[[[130.4407,42.5484],[130.4198,42.5359],[130.3985,42.4963],[130.3787,42.4854],[130.2802,42.4502],[130.3027,42.4204],[130.2695,42.3852],[130.2627,42.3663],[130.2262,42.3256],[130.187,42.3229],[130.174,42.306],[130.1598,42.2498],[130.1817,42.1848],[130.2066,42.1758],[130.2324,42.1774],[130.2818,42.2147],[130.3148,42.2176],[130.3691,42.235],[130.3657,42.2508],[130.3974,42.2575],[130.3836,42.277],[130.3972,42.2975],[130.402,42.3305],[130.454,42.3041],[130.4617,42.3271],[130.4867,42.3371],[130.5271,42.3177],[130.5763,42.313],[130.6215,42.272],[130.6358,42.2679],[130.6749,42.2836],[130.645,42.3483],[130.66,42.3676],[130.6555,42.3865],[130.6126,42.4294],[130.5721,42.4335],[130.5612,42.4559],[130.5804,42.4835],[130.5486,42.4969],[130.5456,42.5277],[130.5277,42.541],[130.5114,42.5812],[130.5144,42.6154],[130.4766,42.6184],[130.4579,42.5943],[130.4738,42.5541],[130.4407,42.5484]]]},"properties":{"adm2_name":"Rason City","adm2_name1":null,"adm2_pcode":"KP0201","adm1_name":"North Hamgyong","adm1_pcode":"KP02","area_sqkm":887.85364868}},
{"type":"Feature","geometry":{"type":"Polygon","coordinates":[[[126.0055,38.4548],[125.9404,38.463],[125.9309,38.4367],[125.9464,38.4145],[125.923,38.3527],[125.9255,38.2854],[125.896,38.2693],[125.8687,38.2656],[125.9017,38.245],[125.9167,38.1914],[125.9426,38.1693],[125.9992,38.1758],[126.0453,38.1919],[126.0753,38.175],[126.1264,38.208],[126.158,38.203],[126.2184,38.2358],[126.2024,38.2821],[126.2156,38.2983],[126.1734,38.3199],[126.1892,38.3556],[126.151,38.3576],[126.1153,38.3711],[126.0895,38.39],[126.0634,38.3874],[126.0055,38.4548]]]},"properties":{"adm2_name":"Rinsan","adm2_name1":null,"adm2_pcode":"KP0809","adm1_name":"North Hwanghae","adm1_pcode":"KP08","area_sqkm":588.04600477}},
{"type":"Feature","geometry":{"type":"Polygon","coordinates":[[[128.8911,40.39],[128.8598,40.401],[128.7851,40.4153],[128.7043,40.4436],[128.6755,40.4632],[128.6156,40.4247],[128.5699,40.4277],[128.5121,40.4586],[128.4864,40.4651],[128.4531,40.4534],[128.416,40.4119],[128.4276,40.3604],[128.505,40.3252],[128.5175,40.3084],[128.5198,40.2722],[128.552,40.2581],[128.5804,40.2218],[128.5891,40.1799],[128.6327,40.1811],[128.6624,40.1936],[128.6583,40.239],[128.6185,40.2765],[128.6294,40.3057],[128.6699,40.3099],[128.697,40.3323],[128.8091,40.3517],[128.8911,40.39]]]},"properties":{"adm2_name":"Riwon","adm2_name1":null,"adm2_pcode":"KP0323","adm1_name":"South Hamgyong","adm1_pcode":"KP03","area_sqkm":538.43755369}},
{"type":"Feature","geometry":{"type":"Polygon","coordinates":[[[124.4202,40.0127],[124.366,40.0181],[124.3717,40],[124.3637,39.9673],[124.38,39.9493],[124.331,39.9235],[124.3159,39.9035],[124.3577,39.8809],[124.3518,39.9011],[124.4146,39.9258],[124.4538,39.9256],[124.465,39.9756],[124.4295,39.9897],[124.4202,40.0127]]]},"properties":{"adm2_name":"Ryongchon","adm2_name1":null,"adm2_pcode":"KP0606","adm1_name":"North Pyongan","adm1_pcode":"KP06","area_sqkm":87.58272651}},
{"type":"Feature","geometry":{"type":"Polygon","coordinates":[[[125.5363,38.8643],[125.4402,38.8973],[125.4241,38.9188],[125.3688,38.9257],[125.2965,38.8653],[125.2954,38.7911],[125.374,38.8032],[125.3904,38.8112],[125.4227,38.7843],[125.4749,38.7949],[125.5074,38.7868],[125.5428,38.7463],[125.5785,38.7328],[125.6169,38.7006],[125.6036,38.7331],[125.58,38.7472],[125.5751,38.7804],[125.5489,38.8072],[125.5373,38.7979],[125.4978,38.8029],[125.4818,38.8272],[125.4887,38.8463],[125.5219,38.8486],[125.5363,38.8643]]]},"properties":{"adm2_name":"Ryonggang","adm2_name1":null,"adm2_pcode":"KP1104","adm1_name":"Nampo","adm1_pcode":"KP11","area_sqkm":245.162474}},
{"type":"Feature","geometry":{"type":"Polygon","coordinates":[[[126.538,40.627],[126.5074,40.6089],[126.4808,40.5571],[126.4836,40.5135],[126.4669,40.4727],[126.4961,40.4618],[126.5283,40.4264],[126.5277,40.3967],[126.5798,40.3747],[126.6582,40.3938],[126.6742,40.3666],[126.7034,40.3558],[126.7226,40.3231],[126.7126,40.2986],[126.7252,40.2605],[126.7249,40.2332],[126.753,40.1916],[126.8008,40.1975],[126.8141,40.2128],[126.8267,40.2519],[126.89,40.2944],[126.9112,40.3347],[126.9344,40.4125],[126.9483,40.4364],[126.9845,40.4626],[126.9592,40.5166],[126.966,40.5357],[126.9569,40.5983],[126.9868,40.6528],[126.9547,40.6963],[126.9549,40.7208],[126.9716,40.7562],[126.9661,40.7678],[126.893,40.7614],[126.8214,40.7262],[126.8114,40.7017],[126.7494,40.6934],[126.7395,40.6798],[126.752,40.6308],[126.7027,40.5954],[126.6571,40.5926],[126.6409,40.6035],[126.5663,40.628],[126.538,40.627]]]},"properties":{"adm2_name":"Ryongrim","adm2_name1":null,"adm2_pcode":"KP0518","adm1_name":"Jagang","adm1_pcode":"KP05","area_sqkm":1520.41739616}},
{"type":"Feature","geometry":{"type":"Polygon","coordinates":[[[125.1554,38.1676],[125.1099,38.1768],[125.0841,38.1957],[125.0159,38.22],[124.9964,38.2201],[124.9505,38.2163],[124.9154,38.1872],[124.9078,38.213],[124.8828,38.2108],[124.8662,38.2376],[124.799,38.1672],[124.7769,38.181],[124.7593,38.1583],[124.7218,38.1351],[124.6665,38.1399],[124.6529,38.1288],[124.6917,38.1089],[124.7625,38.095],[124.7984,38.095],[124.8555,38.1062],[124.8866,38.1248],[124.9497,38.094],[125.012,38.0704],[125.0444,38.0663],[125.1258,38.0912],[125.1427,38.087],[125.1777,38.1201],[125.1554,38.1676]]]},"properties":{"adm2_name":"Ryongyon","adm2_name1":null,"adm2_pcode":"KP0918","adm1_name":"South Hwanghae","adm1_pcode":"KP09","area_sqkm":453.37722889}},
{"type":"Feature","geometry":{"type":"Polygon","coordinates":[[[125.002,40.4639],[124.9828,40.4689],[124.9372,40.4527],[124.8905,40.4757],[124.8562,40.4269],[124.7983,40.395],[124.7529,40.3824],[124.7335,40.3597],[124.7262,40.3272],[124.6695,40.3005],[124.6862,40.2858],[124.7366,40.2216],[124.7561,40.2187],[124.7683,40.188],[124.8075,40.1878],[124.8243,40.2044],[124.8537,40.207],[124.8924,40.1873],[124.9445,40.1814],[124.9669,40.1921],[124.9696,40.2619],[125.0152,40.2561],[125.0716,40.2892],[125.1041,40.2834],[125.1182,40.3195],[125.1644,40.3359],[125.1786,40.3589],[125.1134,40.3779],[125.0651,40.4032],[125.03,40.4312],[125.002,40.4639]]]},"properties":{"adm2_name":"Sakju","adm2_name1":null,"adm2_pcode":"KP0621","adm1_name":"North Pyongan","adm1_pcode":"KP06","area_sqkm":775.62100673}},
{"type":"Feature","geometry":{"type":"Polygon","coordinates":[[[125.35,38.3862],[125.3602,38.4292],[125.3278,38.44],[125.2984,38.432],[125.2752,38.4452],[125.2133,38.3999],[125.1869,38.3704],[125.1868,38.3542],[125.2024,38.2923],[125.1783,38.2622],[125.179,38.2512],[125.2281,38.2599],[125.2867,38.2571],[125.3418,38.2328],[125.3485,38.2435],[125.3227,38.2678],[125.3231,38.3055],[125.346,38.3135],[125.3658,38.3404],[125.35,38.3862]]]},"properties":{"adm2_name":"Samchon","adm2_name1":null,"adm2_pcode":"KP0906","adm1_name":"South Hwanghae","adm1_pcode":"KP09","area_sqkm":263.84339475}},
{"type":"Feature","geometry":{"type":"Polygon","coordinates":[[[128.565,41.998],[128.5412,42.0045],[128.4893,41.9974],[128.4517,42.0241],[128.4257,42.0317],[128.3271,42.0384],[128.2671,42.0357],[128.1979,42.0129],[128.1515,42.0035],[128.1106,41.9768],[128.0711,41.982],[128.0753,41.9349],[128.0985,41.897],[128.0976,41.8411],[128.1037,41.7971],[128.1273,41.7793],[128.1461,41.7356],[128.1656,41.7106],[128.1846,41.7076],[128.204,41.6847],[128.254,41.6692],[128.2872,41.6259],[128.3089,41.5833],[128.3604,41.5664],[128.4098,41.5962],[128.4661,41.6504],[128.4735,41.7154],[128.4678,41.7722],[128.4519,41.802],[128.4886,41.8561],[128.4953,41.8697],[128.5449,41.913],[128.5552,41.9428],[128.5492,41.9834],[128.565,41.998]]]},"properties":{"adm2_name":"Samjiyon","adm2_name1":null,"adm2_pcode":"KP0107","adm1_name":"Ryanggang","adm1_pcode":"KP01","area_sqkm":1366.03949594}},
{"type":"Feature","geometry":{"type":"Polygon","coordinates":[[[127.9768,41.4154],[127.933,41.3712],[127.9067,41.3577],[127.8676,41.3603],[127.8541,41.3306],[127.8569,41.3008],[127.8435,41.2791],[127.8141,41.2791],[127.8073,41.2574],[127.7649,41.2601],[127.7517,41.252],[127.7342,41.1708],[127.7337,41.1359],[127.7817,41.1261],[127.7907,41.1164],[127.8899,41.0978],[127.9258,41.0951],[127.9483,41.0735],[127.9777,41.0708],[128.0041,41.087],[128.0596,41.0898],[128.069,41.06],[128.0981,41.0384],[128.1539,41.0628],[128.164,41.079],[128.1713,41.1332],[128.11,41.1873],[128.1138,41.2225],[128.1272,41.2441],[128.1699,41.2631],[128.2384,41.2604],[128.2061,41.2875],[128.2098,41.3146],[128.1775,41.3362],[128.1819,41.4098],[128.1504,41.3818],[128.1191,41.377],[128.0827,41.3923],[128.0548,41.3946],[128.0126,41.4107],[127.9768,41.4154]]]},"properties":{"adm2_name":"Samsu","adm2_name1":null,"adm2_pcode":"KP0102","adm1_name":"Ryanggang","adm1_pcode":"KP01","area_sqkm":1046.88515826}},
{"type":"Feature","geometry":{"type":"Polygon","coordinates":[[[126.117,38.9421],[126.0423,39.008],[126.0081,39.0037],[125.956,39.0092],[125.9494,38.9931],[125.9619,38.9473],[125.9289,38.9097],[125.9217,38.8424],[125.895,38.8045],[125.904,38.8009],[125.9372,38.7722],[125.9361,38.7461],[125.9817,38.7317],[126.0189,38.7111],[126.0572,38.7044],[126.1155,38.7153],[126.1483,38.7505],[126.1757,38.7591],[126.2008,38.7617],[126.2191,38.7783],[126.215,38.8308],[126.1669,38.8836],[126.1244,38.9036],[126.117,38.9421]]]},"properties":{"adm2_name":"Sangwon","adm2_name1":null,"adm2_pcode":"KP0822","adm1_name":"North Hwanghae","adm1_pcode":"KP08","area_sqkm":607.49250588}},
{"type":"Feature","geometry":{"type":"Polygon","coordinates":[[[125.6419,38.6395],[125.6533,38.6272],[125.6561,38.5794],[125.6653,38.5639],[125.6625,38.5319],[125.6973,38.4894],[125.7071,38.4862],[125.7193,38.4984],[125.765,38.5037],[125.7688,38.5548],[125.7787,38.5683],[125.7759,38.614],[125.7563,38.6087],[125.6947,38.6357],[125.6352,38.6468],[125.6419,38.6395]]]},"properties":{"adm2_name":"Sariwon City","adm2_name1":null,"adm2_pcode":"KP0801","adm1_name":"North Hwanghae","adm1_pcode":"KP08","area_sqkm":139.36700575}},
{"type":"Feature","geometry":{"type":"Polygon","coordinates":[[[127.297,38.8961],[127.2677,38.9015],[127.2381,38.8774],[127.2071,38.8227],[127.2079,38.794],[127.1259,38.7458],[127.0998,38.7404],[127.0896,38.7001],[127.0632,38.6678],[127.0888,38.6274],[127.1732,38.595],[127.2217,38.5599],[127.2608,38.5598],[127.2797,38.5006],[127.3318,38.5005],[127.3484,38.53],[127.3648,38.5381],[127.4135,38.5245],[127.4366,38.5487],[127.4691,38.5459],[127.525,38.5915],[127.541,38.57],[127.5798,38.5376],[127.5936,38.5489],[127.6097,38.5847],[127.5967,38.5995],[127.5875,38.6479],[127.5195,38.6857],[127.474,38.6993],[127.4484,38.7451],[127.4252,38.7702],[127.3902,38.7829],[127.3452,38.8395],[127.3095,38.8503],[127.2967,38.8692],[127.297,38.8961]]]},"properties":{"adm2_name":"Sepho","adm2_name1":null,"adm2_pcode":"KP0411","adm1_name":"Kangwon","adm1_pcode":"KP04","area_sqkm":1066.55529234}},
{"type":"Feature","geometry":{"type":"Polygon","coordinates":[[[126.5545,41.0473],[126.5288,41.08],[126.5325,41.1263],[126.5435,41.153],[126.5167,41.1671],[126.4579,41.1589],[126.4058,41.1616],[126.3599,41.1289],[126.3175,41.1261],[126.2715,41.0852],[126.2548,41.0471],[126.2708,41.0253],[126.264,40.9981],[126.2379,40.9899],[126.2376,40.9681],[126.2051,40.9532],[126.2371,40.9218],[126.3149,40.8838],[126.3503,40.8429],[126.3732,40.8484],[126.4159,40.8838],[126.4466,40.8992],[126.501,40.9193],[126.5143,40.9438],[126.5048,40.9765],[126.5545,41.0473]]]},"properties":{"adm2_name":"Sijung","adm2_name1":null,"adm2_pcode":"KP0511","adm1_name":"Jagang","adm1_pcode":"KP05","area_sqkm":652.01995525}},
{"type":"Feature","geometry":{"type":"Polygon","coordinates":[[[125.586,38.3827],[125.5355,38.375],[125.5129,38.3885],[125.4835,38.3859],[125.4442,38.3644],[125.4052,38.3699],[125.4119,38.3914],[125.35,38.3862],[125.3658,38.3404],[125.346,38.3135],[125.3231,38.3055],[125.3227,38.2678],[125.3485,38.2435],[125.3418,38.2328],[125.3583,38.2191],[125.3873,38.2246],[125.4621,38.2083],[125.5045,38.2163],[125.5046,38.2271],[125.5701,38.2373],[125.5638,38.2727],[125.6034,38.3211],[125.6233,38.356],[125.586,38.3827]]]},"properties":{"adm2_name":"Sinchon","adm2_name1":null,"adm2_pcode":"KP0911","adm1_name":"South Hwanghae","adm1_pcode":"KP09","area_sqkm":372.24352229}},
{"type":"Feature","geometry":{"type":"Polygon","coordinates":[[[124.2514,39.8063],[124.282,39.8303],[124.2682,39.8647],[124.2784,39.8754],[124.2723,39.9208],[124.2421,39.9109],[124.2261,39.89],[124.245,39.8572],[124.1891,39.8221],[124.2296,39.7843],[124.2514,39.8063]]]},"properties":{"adm2_name":"Sindo","adm2_name1":null,"adm2_pcode":"KP0625","adm1_name":"North Pyongan","adm1_pcode":"KP06","area_sqkm":64.2103553}},
{"type":"Feature","geometry":{"type":"Polygon","coordinates":[[[127.7341,40.4158],[127.7009,40.4132],[127.6805,40.3883],[127.6542,40.3801],[127.5725,40.3806],[127.4712,40.3756],[127.4006,40.3064],[127.3931,40.2554],[127.395,40.223],[127.4239,40.2062],[127.4294,40.1728],[127.445,40.1449],[127.49,40.1196],[127.4923,40.0862],[127.544,40.0664],[127.5661,40.0413],[127.5991,40.055],[127.6357,40.077],[127.6748,40.074],[127.7283,40.0802],[127.7186,40.1211],[127.7696,40.1903],[127.7803,40.2208],[127.8138,40.2512],[127.8596,40.2538],[127.8867,40.2898],[127.9396,40.3117],[127.9409,40.3562],[127.9253,40.3813],[127.9265,40.4258],[127.8885,40.4837],[127.7825,40.4267],[127.7341,40.4158]]]},"properties":{"adm2_name":"Sinhung","adm2_name1":null,"adm2_pcode":"KP0312","adm1_name":"South Hamgyong","adm1_pcode":"KP03","area_sqkm":1259.10671342}},
{"type":"Feature","geometry":{"type":"Polygon","coordinates":[[[126.6789,38.6256],[126.6393,38.6311],[126.6298,38.6499],[126.5941,38.6607],[126.5482,38.642],[126.5283,38.6044],[126.4756,38.548],[126.4363,38.5346],[126.4071,38.54],[126.3549,38.5375],[126.328,38.5494],[126.3153,38.4891],[126.3827,38.4728],[126.413,38.4889],[126.4489,38.4942],[126.4618,38.4753],[126.4973,38.4511],[126.5427,38.4321],[126.5358,38.3918],[126.5487,38.381],[126.5844,38.3648],[126.6333,38.37],[126.6724,38.3673],[126.6858,38.4049],[126.6831,38.4614],[126.7087,38.474],[126.7,38.5133],[126.7164,38.5639],[126.7077,38.5802],[126.6822,38.6078],[126.6789,38.6256]]]},"properties":{"adm2_name":"Sinkye","adm2_name1":null,"adm2_pcode":"KP0815","adm1_name":"North Hwanghae","adm1_pcode":"KP08","area_sqkm":577.96446927}},
{"type":"Feature","geometry":{"type":"Polygon","coordinates":[[[128.4141,40.1077],[128.3858,40.1562],[128.3236,40.151],[128.2638,40.1152],[128.1893,40.1378],[128.1457,40.0964],[128.1129,40.091],[128.0859,40.0606],[128.0911,40.0134],[128.1608,40.0074],[128.1738,39.9786],[128.2107,39.9827],[128.2266,40],[128.2623,40.006],[128.2937,39.9968],[128.3224,40],[128.3272,40.0407],[128.3605,40.0909],[128.4141,40.1077]],[[128.3831,40.103],[128.3649,40.109],[128.3654,40.1257],[128.3978,40.12],[128.3831,40.103]]]},"properties":{"adm2_name":"Sinpho City","adm2_name1":null,"adm2_pcode":"KP0301","adm1_name":"South Hamgyong","adm1_pcode":"KP03","area_sqkm":306.83689297}},
{"type":"Feature","geometry":{"type":"Polygon","coordinates":[[[126.5652,39.164],[126.5575,39.1431],[126.5628,39.115],[126.5919,39.0722],[126.6169,39.0544],[126.6292,39.0283],[126.6611,38.9858],[126.6242,38.9667],[126.5717,38.975],[126.5155,39.0028],[126.4789,38.9853],[126.5005,38.9308],[126.4738,38.9081],[126.5021,38.8924],[126.5242,38.8277],[126.55,38.8037],[126.5532,38.8008],[126.6281,38.8006],[126.6509,38.7952],[126.7228,38.8192],[126.775,38.8245],[126.8432,38.8082],[126.8757,38.8119],[126.8736,38.8792],[126.9183,38.9064],[126.9656,38.9083],[126.9913,38.9261],[127.0111,38.9475],[127.0191,38.9825],[126.9778,39.038],[126.982,39.0692],[126.9319,39.0583],[126.8905,39.0728],[126.8394,39.1069],[126.7711,39.1236],[126.7303,39.1469],[126.66,39.1356],[126.6128,39.1431],[126.58,39.1712],[126.5652,39.164]]]},"properties":{"adm2_name":"Sinphyong","adm2_name1":null,"adm2_pcode":"KP0813","adm1_name":"North Hwanghae","adm1_pcode":"KP08","area_sqkm":1192.96759241}},
{"type":"Feature","geometry":{"type":"Polygon","coordinates":[[[124.437,40.1559],[124.405,40.135],[124.3356,40.0614],[124.366,40.0181],[124.4202,40.0127],[124.4342,40.0397],[124.4422,40.0925],[124.4721,40.112],[124.457,40.1508],[124.437,40.1559]]]},"properties":{"adm2_name":"Sinuiju City","adm2_name1":null,"adm2_pcode":"KP0601","adm1_name":"North Pyongan","adm1_pcode":"KP06","area_sqkm":101.4875403}},
{"type":"Feature","geometry":{"type":"Polygon","coordinates":[[[125.8687,38.2656],[125.8378,38.3147],[125.7843,38.3155],[125.7725,38.2992],[125.7332,38.2804],[125.7137,38.2805],[125.658,38.2537],[125.5927,38.2377],[125.5701,38.2373],[125.5046,38.2271],[125.5045,38.2163],[125.5401,38.1893],[125.6018,38.1757],[125.6112,38.1354],[125.6534,38.1218],[125.7185,38.1163],[125.816,38.1026],[125.8147,38.0973],[125.8453,38.0999],[125.8586,38.1214],[125.8914,38.1402],[125.937,38.1455],[125.9426,38.1693],[125.9167,38.1914],[125.9017,38.245],[125.8687,38.2656]]]},"properties":{"adm2_name":"Sinwon","adm2_name1":null,"adm2_pcode":"KP0913","adm1_name":"South Hwanghae","adm1_pcode":"KP09","area_sqkm":523.93438848}},
{"type":"Feature","geometry":{"type":"Polygon","coordinates":[[[126.6813,39.5699],[126.6101,39.5487],[126.6131,39.5299],[126.5964,39.4869],[126.5483,39.4622],[126.5015,39.4467],[126.4491,39.4199],[126.4748,39.3849],[126.4058,39.3285],[126.4085,39.2827],[126.4278,39.2612],[126.434,39.2322],[126.4502,39.2208],[126.4628,39.1804],[126.521,39.1399],[126.5652,39.164],[126.58,39.1712],[126.577,39.1963],[126.5904,39.2285],[126.62,39.2581],[126.63,39.2796],[126.6271,39.3119],[126.6694,39.3064],[126.7082,39.309],[126.6955,39.3558],[126.7116,39.3992],[126.7394,39.4558],[126.7342,39.4783],[126.6789,39.5183],[126.6697,39.5406],[126.6813,39.5699]]]},"properties":{"adm2_name":"Sinyang","adm2_name1":null,"adm2_pcode":"KP0718","adm1_name":"South Pyongan","adm1_pcode":"KP07","area_sqkm":700.34890859}},
{"type":"Feature","geometry":{"type":"Polygon","coordinates":[[[126.0975,38.5977],[126.0881,38.5649],[126.0716,38.5434],[126.0744,38.5058],[126.0645,38.4896],[126.0055,38.4548],[126.0634,38.3874],[126.0895,38.39],[126.1153,38.3711],[126.151,38.3576],[126.1892,38.3556],[126.226,38.3601],[126.256,38.4273],[126.3049,38.4245],[126.3572,38.4406],[126.3827,38.4728],[126.3153,38.4891],[126.328,38.5494],[126.2515,38.613],[126.2355,38.6427],[126.2327,38.6803],[126.2167,38.7127],[126.1902,38.6723],[126.1478,38.6617],[126.0975,38.5977]]]},"properties":{"adm2_name":"Sohung","adm2_name1":null,"adm2_pcode":"KP0810","adm1_name":"North Hwanghae","adm1_pcode":"KP08","area_sqkm":639.41603656}},
{"type":"Feature","geometry":{"type":"MultiPolygon","coordinates":[[[[125.1077,39.8384],[125.1224,39.8939],[125.1068,39.9218],[125.0593,39.9423],[125.0128,39.9446],[124.9897,39.9364],[124.9657,39.8976],[124.9326,39.8811],[124.8901,39.8814],[124.8626,39.8315],[124.7934,39.8124],[124.7626,39.7733],[124.7533,39.7513],[124.7701,39.7307],[124.8029,39.7116],[124.8521,39.716],[124.926,39.6487],[124.9411,39.7226],[124.9874,39.7418],[124.9986,39.7918],[124.9864,39.8224],[125.0032,39.839],[125.1077,39.8384]]],[[[124.8933,39.6067],[124.8722,39.6002],[124.8755,39.5727],[124.8467,39.5498],[124.8584,39.491],[124.9225,39.5479],[124.9143,39.5896],[124.8933,39.6067]]]]},"properties":{"adm2_name":"Sonchon","adm2_name1":null,"adm2_pcode":"KP0610","adm1_name":"North Pyongan","adm1_pcode":"KP06","area_sqkm":500.63145969}},
{"type":"Feature","geometry":{"type":"Polygon","coordinates":[[[126.4491,39.4199],[126.4132,39.4173],[126.3856,39.4571],[126.2898,39.4498],[126.2048,39.4204],[126.1981,39.4043],[126.2174,39.38],[126.1879,39.3639],[126.181,39.3316],[126.1613,39.3155],[126.119,39.3237],[126.0803,39.3561],[126.0479,39.3723],[126.0054,39.3589],[125.9866,39.3436],[125.9756,39.3159],[126.0205,39.2512],[126.0394,39.2328],[126.0736,39.2236],[126.0933,39.1825],[126.1408,39.1833],[126.1661,39.1592],[126.2142,39.1592],[126.248,39.1424],[126.2932,39.1619],[126.3033,39.1915],[126.3196,39.1968],[126.3723,39.2424],[126.3949,39.2263],[126.434,39.2322],[126.4278,39.2612],[126.4085,39.2827],[126.4058,39.3285],[126.4748,39.3849],[126.4491,39.4199]]]},"properties":{"adm2_name":"Songchon","adm2_name1":null,"adm2_pcode":"KP0717","adm1_name":"South Pyongan","adm1_pcode":"KP07","area_sqkm":834.58743516}},
{"type":"Feature","geometry":{"type":"Polygon","coordinates":[[[126.9132,40.871],[126.8753,40.8923],[126.833,40.895],[126.8006,40.9113],[126.7482,40.8895],[126.7314,40.8918],[126.7057,40.8677],[126.6631,40.8486],[126.624,40.8459],[126.5757,40.903],[126.5594,40.903],[126.52,40.873],[126.4827,40.8722],[126.4317,40.8375],[126.4249,40.8076],[126.4408,40.7776],[126.398,40.7313],[126.4269,40.6905],[126.482,40.6688],[126.538,40.627],[126.5663,40.628],[126.6409,40.6035],[126.6571,40.5926],[126.7027,40.5954],[126.752,40.6308],[126.7395,40.6798],[126.7494,40.6934],[126.8114,40.7017],[126.8214,40.7262],[126.893,40.7614],[126.9661,40.7678],[126.9556,40.7835],[126.9036,40.7998],[126.9031,40.846],[126.9132,40.871]]]},"properties":{"adm2_name":"Songgan","adm2_name1":null,"adm2_pcode":"KP0506","adm1_name":"Jagang","adm1_pcode":"KP05","area_sqkm":999.52070541}},
{"type":"Feature","geometry":{"type":"Polygon","coordinates":[[[125.071,38.4512],[125.0474,38.4218],[125.0502,38.3814],[125.0303,38.3438],[125.0331,38.3014],[125.0788,38.3087],[125.1046,38.2817],[125.1783,38.2622],[125.2024,38.2923],[125.1868,38.3542],[125.1285,38.3893],[125.116,38.4378],[125.071,38.4512]]]},"properties":{"adm2_name":"Songhwa","adm2_name1":null,"adm2_pcode":"KP0907","adm1_name":"South Hwanghae","adm1_pcode":"KP09","area_sqkm":184.61934126}},
{"type":"Feature","geometry":{"type":"Polygon","coordinates":[[[125.5751,38.7804],[125.58,38.7472],[125.6036,38.7331],[125.6229,38.7313],[125.6584,38.7769],[125.6421,38.8095],[125.6142,38.7919],[125.5751,38.7804]]]},"properties":{"adm2_name":"Songrim City","adm2_name1":null,"adm2_pcode":"KP0802","adm1_name":"North Hwanghae","adm1_pcode":"KP08","area_sqkm":40.37512144}},
{"type":"Feature","geometry":{"type":"Polygon","coordinates":[[[126.0916,40.4894],[126.0277,40.5296],[126.0082,40.5295],[125.9686,40.4887],[125.8933,40.4478],[125.8703,40.4287],[125.7861,40.4804],[125.7596,40.4395],[125.7074,40.4286],[125.6651,40.4354],[125.6649,40.4177],[125.6352,40.3822],[125.6209,40.3782],[125.6305,40.3586],[125.6194,40.328],[125.7021,40.275],[125.75,40.2575],[125.7955,40.2267],[125.8178,40.22],[125.8819,40.2386],[125.9125,40.2386],[125.9325,40.22],[125.9673,40.2216],[126.0149,40.2464],[126.0449,40.309],[126.0776,40.3172],[126.1066,40.2954],[126.1751,40.3037],[126.2045,40.3037],[126.2465,40.2792],[126.2826,40.3037],[126.2994,40.3446],[126.2768,40.3691],[126.2083,40.3581],[126.1335,40.3717],[126.111,40.3962],[126.1115,40.4479],[126.0916,40.4894]]]},"properties":{"adm2_name":"Songwon","adm2_name1":null,"adm2_pcode":"KP0516","adm1_name":"Jagang","adm1_pcode":"KP05","area_sqkm":1048.96773323}},
{"type":"Feature","geometry":{"type":"Polygon","coordinates":[[[126.5532,38.8008],[126.55,38.8037],[126.5141,38.8008],[126.4654,38.8117],[126.4295,38.8037],[126.3871,38.8065],[126.3738,38.7742],[126.3574,38.7635],[126.2957,38.7825],[126.2727,38.7691],[126.2529,38.7422],[126.217,38.7423],[126.1857,38.7541],[126.2167,38.7127],[126.2327,38.6803],[126.2355,38.6427],[126.2515,38.613],[126.328,38.5494],[126.3549,38.5375],[126.4071,38.54],[126.4363,38.5346],[126.4756,38.548],[126.5283,38.6044],[126.5482,38.642],[126.5583,38.6662],[126.5163,38.6986],[126.5199,38.7362],[126.5659,38.7738],[126.5532,38.8008]]]},"properties":{"adm2_name":"Suan","adm2_name1":null,"adm2_pcode":"KP0811","adm1_name":"North Hwanghae","adm1_pcode":"KP08","area_sqkm":673.59193278}},
{"type":"Feature","geometry":{"type":"Polygon","coordinates":[[[127.0019,39.4563],[126.9425,39.4775],[126.9331,39.4915],[126.9344,39.5354],[126.8525,39.5281],[126.793,39.5006],[126.7919,39.4645],[126.7785,39.4534],[126.781,39.4256],[126.7632,39.3728],[126.7281,39.4008],[126.7116,39.3992],[126.6955,39.3558],[126.7082,39.309],[126.738,39.2972],[126.7958,39.3153],[126.8253,39.3097],[126.845,39.2733],[126.9097,39.2856],[126.9325,39.2578],[126.9208,39.2244],[126.9514,39.2108],[126.9792,39.2164],[127.0255,39.2043],[127.0425,39.2208],[127.0228,39.2525],[127.0297,39.2694],[127.0861,39.2839],[127.0944,39.3244],[127.0689,39.3294],[127.0305,39.3574],[127.0166,39.4409],[127.0019,39.4563]]]},"properties":{"adm2_name":"Sudong","adm2_name1":null,"adm2_pcode":"KP0325","adm1_name":"South Hamgyong","adm1_pcode":"KP03","area_sqkm":669.20716229}},
{"type":"Feature","geometry":{"type":"Polygon","coordinates":[[[125.7697,39.4604],[125.7198,39.4795],[125.6971,39.4672],[125.6088,39.4378],[125.5698,39.4486],[125.5243,39.4514],[125.446,39.4462],[125.3801,39.4368],[125.3507,39.4218],[125.3727,39.378],[125.3966,39.3748],[125.4023,39.3365],[125.4194,39.3098],[125.4581,39.3206],[125.5132,39.3276],[125.5881,39.3248],[125.611,39.3409],[125.6502,39.3516],[125.6925,39.3434],[125.7354,39.3971],[125.801,39.4003],[125.8087,39.4317],[125.8076,39.4427],[125.7697,39.4604]]]},"properties":{"adm2_name":"Sukchon","adm2_name1":null,"adm2_pcode":"KP0715","adm1_name":"South Pyongan","adm1_pcode":"KP07","area_sqkm":432.42445077}},
{"type":"Feature","geometry":{"type":"Polygon","coordinates":[[[125.985,39.5823],[125.9623,39.5958],[125.9296,39.5824],[125.8934,39.5448],[125.8482,39.5376],[125.8244,39.4938],[125.7697,39.4604],[125.8076,39.4427],[125.8087,39.4317],[125.8529,39.4157],[125.9015,39.386],[125.9405,39.3806],[125.9894,39.3859],[126.0191,39.4208],[126.0976,39.4556],[126.0787,39.5068],[126.0822,39.5337],[126.0402,39.566],[126.0011,39.5661],[125.985,39.5823]]]},"properties":{"adm2_name":"Sunchon City","adm2_name1":null,"adm2_pcode":"KP0705","adm1_name":"South Pyongan","adm1_pcode":"KP07","area_sqkm":398.19614383}},
{"type":"Feature","geometry":{"type":"Polygon","coordinates":[[[125.5219,38.8486],[125.4887,38.8463],[125.4818,38.8272],[125.4978,38.8029],[125.5373,38.7979],[125.5489,38.8072],[125.5278,38.8211],[125.5219,38.8486]]]},"properties":{"adm2_name":"Taean","adm2_name1":null,"adm2_pcode":"KP1105","adm1_name":"Nampo","adm1_pcode":"KP11","area_sqkm":20.69353486}},
{"type":"Feature","geometry":{"type":"Polygon","coordinates":[[[125.4816,39.1642],[125.4787,39.1528],[125.5078,39.1285],[125.5011,39.1097],[125.4648,39.0721],[125.4826,39.0359],[125.5099,39.0263],[125.5227,39.002],[125.5789,39.0103],[125.575,39.0542],[125.5822,39.0694],[125.6608,39.1178],[125.6625,39.13],[125.6336,39.1489],[125.6405,39.1742],[125.6348,39.2009],[125.5836,39.2118],[125.5605,39.1822],[125.541,39.185],[125.4816,39.1642]]]},"properties":{"adm2_name":"Taedong","adm2_name1":null,"adm2_pcode":"KP0707","adm1_name":"South Pyongan","adm1_pcode":"KP07","area_sqkm":219.42855237}},
{"type":"Feature","geometry":{"type":"Polygon","coordinates":[[[125.3711,40.0882],[125.3394,40.0372],[125.3106,40.0033],[125.3603,39.9415],[125.3132,39.9076],[125.3237,39.8697],[125.3205,39.835],[125.3395,39.8371],[125.3647,39.8022],[125.3998,39.7756],[125.4292,39.7754],[125.4495,39.8003],[125.4756,39.7974],[125.527,39.7693],[125.5507,39.7997],[125.6092,39.7952],[125.6068,39.8189],[125.6403,39.8493],[125.6348,39.8827],[125.6452,39.9049],[125.6845,39.9102],[125.6916,39.9296],[125.6693,39.9464],[125.689,39.9872],[125.6716,40.0271],[125.6702,40.0639],[125.6273,40.0412],[125.5697,40.0432],[125.5226,40.0532],[125.4729,40.0731],[125.4441,40.1011],[125.3711,40.0882]]]},"properties":{"adm2_name":"Taegwan","adm2_name1":null,"adm2_pcode":"KP0622","adm1_name":"North Pyongan","adm1_pcode":"KP06","area_sqkm":837.48896047}},
{"type":"Feature","geometry":{"type":"Polygon","coordinates":[[[129.0141,42.0893],[129.0125,42.0995],[129.0033,42.0894],[128.9635,42.0941],[128.9453,42.0636],[128.9528,42.0406],[128.9077,42.0091],[128.8862,42.025],[128.8366,42.0237],[128.8138,42.0404],[128.7129,42.0349],[128.6757,42.0123],[128.6289,42.0364],[128.591,42.0242],[128.565,41.998],[128.5492,41.9834],[128.5552,41.9428],[128.5449,41.913],[128.4953,41.8697],[128.4886,41.8561],[128.4961,41.8529],[128.5244,41.848],[128.6093,41.8481],[128.6588,41.8806],[128.7239,41.8698],[128.7665,41.8753],[128.8093,41.9237],[128.8833,41.9253],[128.9008,41.9397],[128.9014,41.9744],[128.9241,41.9736],[128.9661,41.9886],[129.0014,42.0439],[129.0167,42.0542],[129.0141,42.0893]]]},"properties":{"adm2_name":"Taehongdan","adm2_name1":null,"adm2_pcode":"KP0108","adm1_name":"Ryanggang","adm1_pcode":"KP01","area_sqkm":539.85198862}},
{"type":"Feature","geometry":{"type":"Polygon","coordinates":[[[126.9112,40.3347],[126.89,40.2944],[126.8267,40.2519],[126.8141,40.2128],[126.8008,40.1975],[126.753,40.1916],[126.7416,40.1875],[126.7433,40.127],[126.7528,40.0974],[126.821,40.0757],[126.811,40.0569],[126.7716,40.0274],[126.7747,40.0112],[126.8392,39.9546],[126.8813,39.9356],[126.9095,39.8666],[126.97,39.8578],[127.0078,39.8247],[127.0341,39.8453],[127.0855,39.8479],[127.1053,39.8667],[127.108,39.9075],[127.0692,39.9631],[127.0564,40.0203],[127.0889,40.0339],[127.0814,40.0611],[127.1124,40.0833],[127.1625,40.1153],[127.1786,40.1356],[127.1701,40.1667],[127.1103,40.188],[127.1022,40.2411],[127.1139,40.2689],[127.1019,40.2894],[127.0528,40.3253],[126.9919,40.3375],[126.9112,40.3347]]]},"properties":{"adm2_name":"Taehung","adm2_name1":null,"adm2_pcode":"KP0725","adm1_name":"South Pyongan","adm1_pcode":"KP07","area_sqkm":1289.10518462}},
{"type":"Feature","geometry":{"type":"Polygon","coordinates":[[[128.7322,41.1699],[128.7046,41.1533],[128.746,41.1025],[128.7873,41.0606],[128.7829,41.0216],[128.7386,40.9552],[128.7377,40.9246],[128.7565,40.8966],[128.8106,40.8491],[128.7893,40.788],[128.7983,40.7601],[128.8492,40.7153],[128.8774,40.6735],[128.9261,40.6621],[128.8397,40.6097],[128.8066,40.596],[128.7449,40.6075],[128.7021,40.5966],[128.6564,40.5941],[128.634,40.6109],[128.6012,40.6083],[128.5813,40.5945],[128.5429,40.5855],[128.4689,40.5479],[128.4775,40.5061],[128.4901,40.4893],[128.4864,40.4651],[128.5121,40.4586],[128.5699,40.4277],[128.6156,40.4247],[128.6755,40.4632],[128.7043,40.4436],[128.7851,40.4153],[128.8598,40.401],[128.8911,40.39],[128.9599,40.4512],[129.0428,40.4815],[129.0603,40.4696],[129.1022,40.4941],[129.1298,40.535],[129.1434,40.5365],[129.168,40.5677],[129.0636,40.5975],[129.0544,40.6119],[129.058,40.6567],[129.0031,40.6967],[128.9786,40.7222],[128.9755,40.7736],[128.938,40.8258],[128.9341,40.8558],[128.9591,40.8783],[128.9391,40.9228],[128.9475,40.9422],[128.9798,40.9727],[128.9988,41.0022],[128.9933,41.0431],[128.998,41.0736],[128.9888,41.0989],[128.9675,41.1219],[128.8425,41.178],[128.8086,41.1704],[128.7892,41.1655],[128.7322,41.1699]]]},"properties":{"adm2_name":"Tanchon City","adm2_name1":null,"adm2_pcode":"KP0302","adm1_name":"South Hamgyong","adm1_pcode":"KP03","area_sqkm":1945.41588621}},
{"type":"Feature","geometry":{"type":"Polygon","coordinates":[[[125.3272,40.2043],[125.277,40.2769],[125.2815,40.3186],[125.253,40.3493],[125.2208,40.3662],[125.1786,40.3589],[125.1644,40.3359],[125.1182,40.3195],[125.1041,40.2834],[125.0716,40.2892],[125.0152,40.2561],[124.9696,40.2619],[124.9669,40.1921],[124.986,40.1489],[125.0279,40.0991],[125.0466,40.0653],[125.1117,40.0911],[125.1876,40.0851],[125.3106,40.0033],[125.3394,40.0372],[125.3711,40.0882],[125.3734,40.115],[125.3211,40.135],[125.2923,40.1689],[125.3272,40.2043]]]},"properties":{"adm2_name":"Thaechon","adm2_name1":null,"adm2_pcode":"KP0618","adm1_name":"North Pyongan","adm1_pcode":"KP06","area_sqkm":782.17781361}},
{"type":"Feature","geometry":{"type":"Polygon","coordinates":[[[125.3418,38.2328],[125.2867,38.2571],[125.2281,38.2599],[125.179,38.2512],[125.1856,38.2439],[125.1591,38.2036],[125.1554,38.1676],[125.1777,38.1201],[125.1427,38.087],[125.1711,38.0939],[125.2217,38.0782],[125.262,38.0778],[125.2393,38.0507],[125.2551,38.0419],[125.3266,38.0283],[125.3273,38.0956],[125.3054,38.1764],[125.3583,38.2191],[125.3418,38.2328]]]},"properties":{"adm2_name":"Thaethan","adm2_name1":null,"adm2_pcode":"KP0904","adm1_name":"South Hwanghae","adm1_pcode":"KP09","area_sqkm":292.94523059}},
{"type":"Feature","geometry":{"type":"Polygon","coordinates":[[[127.6511,39.1103],[127.6471,39.0487],[127.6631,39.0191],[127.6592,38.9599],[127.6851,38.941],[127.7273,38.9275],[127.7498,38.9005],[127.7789,38.8843],[127.8309,38.8735],[127.8501,38.8331],[127.84,38.8089],[127.8668,38.7827],[127.8982,38.763],[127.9388,38.7722],[127.977,38.822],[128.0073,38.8518],[127.9556,38.9003],[127.8523,38.977],[127.8506,38.9876],[127.8048,39.0367],[127.7727,39.0911],[127.7448,39.1273],[127.7175,39.1068],[127.6798,39.1006],[127.6511,39.1103]]]},"properties":{"adm2_name":"Thongchon","adm2_name1":null,"adm2_pcode":"KP0405","adm1_name":"Kangwon","adm1_pcode":"KP04","area_sqkm":520.61025436}},
{"type":"Feature","geometry":{"type":"Polygon","coordinates":[[[126.7087,38.474],[126.6831,38.4614],[126.6858,38.4049],[126.6724,38.3673],[126.6333,38.37],[126.5844,38.3648],[126.5611,38.3218],[126.6033,38.3055],[126.6025,38.2329],[126.613,38.2124],[126.6333,38.2186],[126.7264,38.2153],[126.7567,38.2017],[126.8108,38.1992],[126.8372,38.2044],[126.8736,38.2265],[126.8691,38.2408],[126.8847,38.2704],[126.8658,38.29],[126.8936,38.3236],[126.8811,38.3408],[126.8433,38.3231],[126.8253,38.3419],[126.795,38.348],[126.7851,38.3629],[126.7878,38.3679],[126.7325,38.4303],[126.7087,38.474]]]},"properties":{"adm2_name":"Thosan","adm2_name1":null,"adm2_pcode":"KP0818","adm1_name":"North Hwanghae","adm1_pcode":"KP08","area_sqkm":469.32079847}},
{"type":"Feature","geometry":{"type":"Polygon","coordinates":[[[126.3672,39.8939],[126.3247,39.8817],[126.2711,39.8542],[126.138,39.8293],[126.1666,39.8107],[126.1433,39.765],[126.1431,39.7407],[126.1232,39.7166],[126.1164,39.6843],[126.1268,39.6693],[126.1487,39.6573],[126.1845,39.6572],[126.1974,39.6411],[126.2564,39.6759],[126.2924,39.6893],[126.3641,39.6999],[126.4228,39.6998],[126.4636,39.69],[126.4717,39.7078],[126.5179,39.7642],[126.5302,39.7671],[126.4889,39.7938],[126.4698,39.8369],[126.4471,39.8424],[126.4376,39.8639],[126.3672,39.8939]]]},"properties":{"adm2_name":"Tokchon City","adm2_name1":null,"adm2_pcode":"KP0706","adm1_name":"South Pyongan","adm1_pcode":"KP07","area_sqkm":589.27562118}},
{"type":"Feature","geometry":{"type":"Polygon","coordinates":[[[128.3001,40.6657],[128.2458,40.6258],[128.188,40.5689],[128.1491,40.5636],[128.1222,40.5758],[128.0897,40.6031],[128.0508,40.6],[127.9864,40.5819],[127.9578,40.5603],[127.9433,40.5294],[127.8885,40.4837],[127.9265,40.4258],[127.9253,40.3813],[127.9409,40.3562],[127.9396,40.3117],[127.9855,40.317],[128.008,40.3058],[128.0398,40.275],[128.0817,40.2553],[128.1083,40.2718],[128.1576,40.2827],[128.2424,40.2794],[128.2688,40.2876],[128.3286,40.3234],[128.3746,40.3343],[128.4276,40.3604],[128.416,40.4119],[128.4531,40.4534],[128.4864,40.4651],[128.4901,40.4893],[128.4775,40.5061],[128.4689,40.5479],[128.5429,40.5855],[128.5006,40.6283],[128.515,40.6755],[128.4366,40.676],[128.3768,40.6402],[128.3001,40.6657]]]},"properties":{"adm2_name":"Toksong","adm2_name1":null,"adm2_pcode":"KP0322","adm1_name":"South Hamgyong","adm1_pcode":"KP03","area_sqkm":1604.72417442}},
{"type":"Feature","geometry":{"type":"Polygon","coordinates":[[[125.6209,40.3782],[125.599,40.3945],[125.5094,40.409],[125.4735,40.4092],[125.4659,40.3731],[125.4389,40.3427],[125.425,40.3122],[125.3672,40.2319],[125.3272,40.2043],[125.2923,40.1689],[125.3211,40.135],[125.3734,40.115],[125.3711,40.0882],[125.4441,40.1011],[125.4729,40.0731],[125.5226,40.0532],[125.5697,40.0432],[125.6273,40.0412],[125.6702,40.0639],[125.6537,40.0884],[125.6548,40.1245],[125.6815,40.1466],[125.6594,40.1718],[125.6832,40.205],[125.6743,40.2384],[125.7021,40.275],[125.6194,40.328],[125.6305,40.3586],[125.6209,40.3782]]]},"properties":{"adm2_name":"Tongchang","adm2_name1":null,"adm2_pcode":"KP0624","adm1_name":"North Pyongan","adm1_pcode":"KP06","area_sqkm":877.98780287}},
{"type":"Feature","geometry":{"type":"Polygon","coordinates":[[[124.6838,39.9743],[124.6486,39.8728],[124.7186,39.8212],[124.7344,39.8044],[124.7365,39.7652],[124.7626,39.7733],[124.7934,39.8124],[124.8626,39.8315],[124.8901,39.8814],[124.9326,39.8811],[124.9657,39.8976],[124.9897,39.9364],[125.0128,39.9446],[124.9588,39.9978],[124.8708,40.0039],[124.8515,40.0151],[124.7895,40.0182],[124.7607,40.0379],[124.7409,40.0296],[124.7044,40.0104],[124.6838,39.9743]]]},"properties":{"adm2_name":"Tongrim","adm2_name1":null,"adm2_pcode":"KP0609","adm1_name":"North Pyongan","adm1_pcode":"KP06","area_sqkm":514.4971717}},
{"type":"Feature","geometry":{"type":"Polygon","coordinates":[[[126.5277,40.3967],[126.5019,40.3937],[126.4593,40.3746],[126.4269,40.3882],[126.4011,40.4155],[126.3652,40.4073],[126.3418,40.3501],[126.2994,40.3446],[126.2826,40.3037],[126.2465,40.2792],[126.2045,40.3037],[126.1751,40.3037],[126.1811,40.2492],[126.2067,40.2084],[126.2812,40.173],[126.2777,40.1485],[126.336,40.1159],[126.3423,40.0914],[126.3878,40.0832],[126.407,40.0533],[126.4737,40.0216],[126.5597,40.0414],[126.5697,40.0889],[126.6003,40.1114],[126.6636,40.1442],[126.7075,40.1536],[126.7416,40.1875],[126.753,40.1916],[126.7249,40.2332],[126.7252,40.2605],[126.7126,40.2986],[126.7226,40.3231],[126.7034,40.3558],[126.6742,40.3666],[126.6582,40.3938],[126.5798,40.3747],[126.5277,40.3967]]]},"properties":{"adm2_name":"Tongsin","adm2_name1":null,"adm2_pcode":"KP0517","adm1_name":"Jagang","adm1_pcode":"KP05","area_sqkm":1300.87041406}},
{"type":"Feature","geometry":{"type":"Polygon","coordinates":[[[126.1974,39.6411],[126.1845,39.6572],[126.1487,39.6573],[126.1268,39.6693],[126.083,39.6063],[126.0925,39.5794],[126.1281,39.5632],[126.1966,39.5711],[126.1974,39.6411]]]},"properties":{"adm2_name":"Tukjang","adm2_name1":null,"adm2_pcode":"KP0727","adm1_name":"South Pyongan","adm1_pcode":"KP07","area_sqkm":86.04385736}},
{"type":"Feature","geometry":{"type":"Polygon","coordinates":[[[124.6695,40.3005],[124.6144,40.286],[124.5719,40.2523],[124.5208,40.2282],[124.4838,40.1753],[124.4563,40.1739],[124.437,40.1559],[124.457,40.1508],[124.4721,40.112],[124.4818,40.1062],[124.5472,40.1086],[124.5934,40.125],[124.6517,40.108],[124.7077,40.1244],[124.7219,40.1632],[124.7683,40.188],[124.7561,40.2187],[124.7366,40.2216],[124.6862,40.2858],[124.6695,40.3005]]]},"properties":{"adm2_name":"Uiju","adm2_name1":null,"adm2_pcode":"KP0620","adm1_name":"North Pyongan","adm1_pcode":"KP06","area_sqkm":358.19189416}},
{"type":"Feature","geometry":{"type":"Polygon","coordinates":[[[125.6298,38.6569],[125.595,38.6572],[125.5581,38.6919],[125.5195,38.669],[125.4762,38.698],[125.4374,38.7092],[125.4319,38.6809],[125.3625,38.6881],[125.3466,38.6688],[125.322,38.6681],[125.3068,38.6434],[125.3079,38.6218],[125.3556,38.6068],[125.375,38.5906],[125.339,38.5799],[125.316,38.5611],[125.3156,38.5208],[125.3025,38.5154],[125.3283,38.4938],[125.39,38.4749],[125.4161,38.4802],[125.4621,38.5124],[125.5634,38.5418],[125.5995,38.5659],[125.6185,38.5659],[125.6293,38.6143],[125.6419,38.6395],[125.6352,38.6468],[125.6298,38.6569]]]},"properties":{"adm2_name":"Unchon","adm2_name1":null,"adm2_pcode":"KP0909","adm1_name":"South Hwanghae","adm1_pcode":"KP09","area_sqkm":484.9682319}},
{"type":"Feature","geometry":{"type":"Polygon","coordinates":[[[128.6541,41.4394],[128.5839,41.4393],[128.506,41.4718],[128.4639,41.5015],[128.418,41.4825],[128.3691,41.4933],[128.3197,41.4662],[128.3355,41.4256],[128.3711,41.4067],[128.3707,41.3742],[128.3407,41.3309],[128.3438,41.3201],[128.3988,41.2849],[128.4278,41.2552],[128.4501,41.22],[128.5216,41.1957],[128.5441,41.1686],[128.5797,41.1497],[128.6124,41.147],[128.6718,41.1958],[128.6914,41.1958],[128.7322,41.1699],[128.7892,41.1655],[128.8086,41.1704],[128.8098,41.2527],[128.8036,41.2771],[128.7747,41.3068],[128.7099,41.3474],[128.7037,41.3663],[128.7171,41.3907],[128.6541,41.4394]]]},"properties":{"adm2_name":"Unhung","adm2_name1":null,"adm2_pcode":"KP0109","adm1_name":"Ryanggang","adm1_pcode":"KP01","area_sqkm":982.25714303}},
{"type":"Feature","geometry":{"type":"Polygon","coordinates":[[[125.527,39.7693],[125.4756,39.7974],[125.4495,39.8003],[125.4292,39.7754],[125.3998,39.7756],[125.3647,39.8022],[125.3704,39.7757],[125.3627,39.734],[125.3289,39.6925],[125.3015,39.6482],[125.2936,39.6009],[125.3078,39.5258],[125.3366,39.547],[125.3759,39.5554],[125.3935,39.5751],[125.427,39.5808],[125.4736,39.6166],[125.5039,39.647],[125.5631,39.6606],[125.5608,39.694],[125.5155,39.7081],[125.5127,39.7276],[125.527,39.7693]]]},"properties":{"adm2_name":"Unjon","adm2_name1":null,"adm2_pcode":"KP0612","adm1_name":"North Pyongan","adm1_pcode":"KP06","area_sqkm":389.98966378}},
{"type":"Feature","geometry":{"type":"Polygon","coordinates":[[[125.8857,39.2216],[125.8545,39.2397],[125.827,39.2201],[125.8506,39.1897],[125.8708,39.192],[125.8857,39.2216]]]},"properties":{"adm2_name":"Unjong Dist.","adm2_name1":null,"adm2_pcode":"KP1007","adm1_name":"Pyongyang","adm1_pcode":"KP10","area_sqkm":16.70193393}},
{"type":"Feature","geometry":{"type":"Polygon","coordinates":[[[125.7071,38.4862],[125.6973,38.4894],[125.6994,38.4155],[125.7253,38.3808],[125.7053,38.3525],[125.7452,38.343],[125.7589,38.3028],[125.7843,38.3155],[125.8378,38.3147],[125.8687,38.2656],[125.896,38.2693],[125.9255,38.2854],[125.923,38.3527],[125.9464,38.4145],[125.9309,38.4367],[125.891,38.412],[125.8749,38.4281],[125.8325,38.4255],[125.7582,38.4795],[125.7071,38.4862]]]},"properties":{"adm2_name":"Unpha","adm2_name1":null,"adm2_pcode":"KP0808","adm1_name":"North Hwanghae","adm1_pcode":"KP08","area_sqkm":312.72580791}},
{"type":"Feature","geometry":{"type":"Polygon","coordinates":[[[125.1658,38.6182],[125.129,38.6652],[125.1103,38.6401],[125.1309,38.6125],[125.1288,38.5851],[125.0863,38.5621],[125.0099,38.5785],[125.0388,38.5294],[125.0677,38.4917],[125.071,38.4512],[125.116,38.4378],[125.1285,38.3893],[125.1868,38.3542],[125.1869,38.3704],[125.2133,38.3999],[125.2752,38.4452],[125.2664,38.4913],[125.3025,38.5154],[125.3156,38.5208],[125.316,38.5611],[125.339,38.5799],[125.375,38.5906],[125.3556,38.6068],[125.3079,38.6218],[125.2955,38.6463],[125.2466,38.6577],[125.2409,38.6276],[125.226,38.6145],[125.1838,38.6065],[125.1658,38.6182]]]},"properties":{"adm2_name":"Unryul","adm2_name1":null,"adm2_pcode":"KP0908","adm1_name":"South Hwanghae","adm1_pcode":"KP09","area_sqkm":494.37915113}},
{"type":"Feature","geometry":{"type":"Polygon","coordinates":[[[125.9673,40.2216],[125.9325,40.22],[125.9125,40.2386],[125.8819,40.2386],[125.8178,40.22],[125.7955,40.2267],[125.75,40.2575],[125.7021,40.275],[125.6743,40.2384],[125.6832,40.205],[125.6594,40.1718],[125.6815,40.1466],[125.6548,40.1245],[125.6537,40.0884],[125.6702,40.0639],[125.6716,40.0271],[125.689,39.9872],[125.7125,39.974],[125.7185,39.9545],[125.7823,39.9013],[125.8151,39.9067],[125.8614,39.9276],[125.869,39.9648],[125.9356,40.0117],[125.9718,40.0198],[126.0027,40.0832],[125.9972,40.1087],[126.0173,40.128],[126.0955,40.1194],[126.0158,40.1789],[125.9817,40.2161],[125.9673,40.2216]]]},"properties":{"adm2_name":"Unsan","adm2_name1":null,"adm2_pcode":"KP0617","adm1_name":"North Pyongan","adm1_pcode":"KP06","area_sqkm":873.06398736}},
{"type":"Feature","geometry":{"type":"Polygon","coordinates":[[[126.3856,39.4571],[126.3521,39.4901],[126.3132,39.5063],[126.2644,39.5171],[126.2386,39.536],[126.2061,39.5442],[126.1344,39.5443],[126.0822,39.5337],[126.0787,39.5068],[126.0976,39.4556],[126.0191,39.4208],[125.9894,39.3859],[125.9405,39.3806],[125.9866,39.3436],[126.0054,39.3589],[126.0479,39.3723],[126.0803,39.3561],[126.119,39.3237],[126.1613,39.3155],[126.181,39.3316],[126.1879,39.3639],[126.2174,39.38],[126.1981,39.4043],[126.2048,39.4204],[126.2898,39.4498],[126.3856,39.4571]]]},"properties":{"adm2_name":"Unsan","adm2_name1":null,"adm2_pcode":"KP0720","adm1_name":"South Pyongan","adm1_pcode":"KP07","area_sqkm":417.69712049}},
{"type":"Feature","geometry":{"type":"Polygon","coordinates":[[[125.4113,40.6544],[125.4986,40.6155],[125.5386,40.5733],[125.5928,40.5733],[125.6139,40.52],[125.593,40.483],[125.5753,40.4236],[125.599,40.3945],[125.6209,40.3782],[125.6352,40.3822],[125.6649,40.4177],[125.6651,40.4354],[125.6432,40.5184],[125.6727,40.5348],[125.6892,40.5593],[125.6798,40.5919],[125.7171,40.6431],[125.6969,40.6628],[125.7169,40.7091],[125.711,40.7477],[125.6829,40.7655],[125.61,40.7564],[125.5842,40.7734],[125.5491,40.7614],[125.5304,40.7183],[125.4815,40.7209],[125.4551,40.6995],[125.4426,40.6662],[125.4113,40.6544]]]},"properties":{"adm2_name":"Usi","adm2_name1":null,"adm2_pcode":"KP0514","adm1_name":"Jagang","adm1_pcode":"KP05","area_sqkm":505.77939422}},
{"type":"Feature","geometry":{"type":"Polygon","coordinates":[[[126.2051,40.9532],[126.1759,40.9871],[126.1044,41.0007],[126.0688,40.9859],[126.0473,40.9446],[125.998,40.9171],[126.0214,40.899],[125.9322,40.8765],[125.8932,40.8965],[125.8848,40.8726],[125.8775,40.8018],[125.9068,40.7963],[125.955,40.7392],[125.9794,40.7209],[126.0131,40.6902],[125.9964,40.6494],[125.9995,40.633],[126.0384,40.6113],[126.0639,40.565],[126.1144,40.5464],[126.1845,40.5651],[126.2337,40.5978],[126.2442,40.6713],[126.2283,40.7067],[126.2286,40.7339],[126.2548,40.7476],[126.3003,40.7394],[126.333,40.7476],[126.398,40.7313],[126.4408,40.7776],[126.4249,40.8076],[126.4317,40.8375],[126.4827,40.8722],[126.4466,40.8992],[126.4159,40.8838],[126.3732,40.8484],[126.3503,40.8429],[126.3149,40.8838],[126.2371,40.9218],[126.2051,40.9532]]]},"properties":{"adm2_name":"Wiwon","adm2_name1":null,"adm2_pcode":"KP0512","adm1_name":"Jagang","adm1_pcode":"KP05","area_sqkm":1281.72214124}},
{"type":"Feature","geometry":{"type":"Polygon","coordinates":[[[127.3845,39.1973],[127.2579,39.2002],[127.2185,39.1788],[127.2,39.1499],[127.2113,39.1089],[127.2694,39.0657],[127.2625,39.028],[127.2819,39.0145],[127.3114,39.0252],[127.4588,39.103],[127.5043,39.0975],[127.5243,39.1334],[127.4832,39.1699],[127.4443,39.1524],[127.3845,39.1973]]]},"properties":{"adm2_name":"Wonsan City","adm2_name1":null,"adm2_pcode":"KP0401","adm1_name":"Kangwon","adm1_pcode":"KP04","area_sqkm":346.28463407}},
{"type":"Feature","geometry":{"type":"Polygon","coordinates":[[[127.0255,39.2043],[126.9792,39.2164],[126.9514,39.2108],[126.9208,39.2244],[126.9325,39.2578],[126.9097,39.2856],[126.845,39.2733],[126.8253,39.3097],[126.7958,39.3153],[126.738,39.2972],[126.7082,39.309],[126.6694,39.3064],[126.6271,39.3119],[126.63,39.2796],[126.62,39.2581],[126.5904,39.2285],[126.577,39.1963],[126.58,39.1712],[126.6128,39.1431],[126.66,39.1356],[126.7303,39.1469],[126.7711,39.1236],[126.8394,39.1069],[126.8905,39.0728],[126.9319,39.0583],[126.982,39.0692],[126.995,39.1236],[127.0558,39.1505],[127.0617,39.1738],[127.0255,39.2043]]]},"properties":{"adm2_name":"Yangdok","adm2_name1":null,"adm2_pcode":"KP0719","adm1_name":"South Pyongan","adm1_pcode":"KP07","area_sqkm":699.2693093}},
{"type":"Feature","geometry":{"type":"Polygon","coordinates":[[[126.8633,39.8649],[126.8028,39.8517],[126.7761,39.8355],[126.7578,39.7864],[126.7189,39.7378],[126.7539,39.7005],[126.7003,39.6525],[126.7164,39.6089],[126.7114,39.5905],[126.6813,39.5699],[126.6697,39.5406],[126.6789,39.5183],[126.7342,39.4783],[126.7394,39.4558],[126.7116,39.3992],[126.7281,39.4008],[126.7632,39.3728],[126.781,39.4256],[126.7785,39.4534],[126.7919,39.4645],[126.793,39.5006],[126.8525,39.5281],[126.9344,39.5354],[126.9511,39.5498],[126.987,39.5496],[127.0238,39.5799],[127.0595,39.5714],[127.1254,39.5905],[127.1743,39.5993],[127.1598,39.6515],[127.1936,39.693],[127.1751,39.7293],[127.1728,39.7654],[127.0855,39.8479],[127.0341,39.8453],[127.0078,39.8247],[126.97,39.8578],[126.9095,39.8666],[126.8633,39.8649]]]},"properties":{"adm2_name":"Yodok","adm2_name1":null,"adm2_pcode":"KP0317","adm1_name":"South Hamgyong","adm1_pcode":"KP03","area_sqkm":1341.14825141}},
{"type":"Feature","geometry":{"type":"Polygon","coordinates":[[[124.6838,39.9743],[124.6543,39.9717],[124.5703,40.0028],[124.5442,40.0029],[124.465,39.9756],[124.4538,39.9256],[124.4146,39.9258],[124.3518,39.9011],[124.3577,39.8809],[124.3916,39.8694],[124.4256,39.7973],[124.4585,39.8327],[124.4729,39.8248],[124.5828,39.8692],[124.6486,39.8728],[124.6838,39.9743]]]},"properties":{"adm2_name":"Yomju","adm2_name1":null,"adm2_pcode":"KP0607","adm1_name":"North Pyongan","adm1_pcode":"KP06","area_sqkm":348.46053891}},
{"type":"Feature","geometry":{"type":"Polygon","coordinates":[[[126.1187,38.0711],[126.0765,38.086],[126.0342,38.0914],[125.988,38.0404],[126.0364,37.9919],[125.9707,37.9463],[125.9442,37.9006],[125.9364,37.8393],[125.9555,37.8289],[125.9708,37.8604],[125.9529,37.8796],[125.9762,37.8899],[126.0307,37.8458],[126.0607,37.8596],[126.0621,37.8162],[126.0851,37.7899],[126.1043,37.7882],[126.0977,37.7571],[126.1322,37.7398],[126.1633,37.7409],[126.1702,37.7792],[126.1484,37.8176],[126.1529,37.8337],[126.1945,37.8457],[126.1913,37.8624],[126.2113,37.9],[126.2115,37.9188],[126.1824,37.9404],[126.1891,37.9593],[126.1632,37.9755],[126.1246,38.0186],[126.1187,38.0711]]]},"properties":{"adm2_name":"Yonan","adm2_name1":null,"adm2_pcode":"KP0916","adm1_name":"South Hwanghae","adm1_pcode":"KP09","area_sqkm":484.55872005}},
{"type":"Feature","geometry":{"type":"Polygon","coordinates":[[[127.3931,40.2554],[127.3133,40.2235],[127.281,40.2348],[127.2116,40.2074],[127.1701,40.1667],[127.1786,40.1356],[127.1625,40.1153],[127.1124,40.0833],[127.1875,40.049],[127.2233,40.0432],[127.2457,40.0292],[127.2179,39.971],[127.2655,39.9206],[127.3047,39.9232],[127.3378,39.9397],[127.4261,39.942],[127.4639,39.8945],[127.4708,39.9083],[127.5242,39.947],[127.5346,39.9664],[127.598,40.0161],[127.5991,40.055],[127.5661,40.0413],[127.544,40.0664],[127.4923,40.0862],[127.49,40.1196],[127.445,40.1449],[127.4294,40.1728],[127.4239,40.2062],[127.395,40.223],[127.3931,40.2554]]]},"properties":{"adm2_name":"Yonggwang","adm2_name1":null,"adm2_pcode":"KP0311","adm1_name":"South Hamgyong","adm1_pcode":"KP03","area_sqkm":872.08624413}},
{"type":"Feature","geometry":{"type":"Polygon","coordinates":[[[128.8093,41.9237],[128.8383,41.8964],[128.8664,41.8517],[128.8741,41.8256],[128.9261,41.8219],[128.923,41.7811],[128.935,41.7114],[128.9533,41.6778],[128.9272,41.6403],[128.9919,41.6272],[129.0239,41.6069],[129.0513,41.5685],[129.0947,41.5964],[129.1306,41.6019],[129.1341,41.6264],[129.203,41.6673],[129.2247,41.7186],[129.2445,41.7349],[129.242,41.789],[129.2521,41.8052],[129.2983,41.8432],[129.321,41.895],[129.2968,41.9124],[129.3003,41.9288],[129.2777,41.956],[129.2583,41.9641],[129.2125,41.9505],[129.1899,41.9641],[129.1869,41.9886],[129.1384,42.0185],[129.119,42.0376],[129.0381,42.0893],[129.0141,42.0893],[129.0167,42.0542],[129.0014,42.0439],[128.9661,41.9886],[128.9241,41.9736],[128.9014,41.9744],[128.9008,41.9397],[128.8833,41.9253],[128.8093,41.9237]]]},"properties":{"adm2_name":"Yonsa","adm2_name1":null,"adm2_pcode":"KP0217","adm1_name":"North Hamgyong","adm1_pcode":"KP02","area_sqkm":1296.33108414}},
{"type":"Feature","geometry":{"type":"Polygon","coordinates":[[[126.117,38.9421],[126.1244,38.9036],[126.1669,38.8836],[126.215,38.8308],[126.2191,38.7783],[126.2008,38.7617],[126.1757,38.7591],[126.1857,38.7541],[126.217,38.7423],[126.2529,38.7422],[126.2727,38.7691],[126.2957,38.7825],[126.3574,38.7635],[126.3738,38.7742],[126.3871,38.8065],[126.4295,38.8037],[126.4654,38.8117],[126.5141,38.8008],[126.55,38.8037],[126.5242,38.8277],[126.5021,38.8924],[126.4738,38.9081],[126.3874,38.9305],[126.3294,38.9539],[126.2691,38.9586],[126.2383,38.985],[126.1994,38.9875],[126.17,38.9742],[126.1236,38.9703],[126.117,38.9421]]]},"properties":{"adm2_name":"Yonsan","adm2_name1":null,"adm2_pcode":"KP0812","adm1_name":"North Hwanghae","adm1_pcode":"KP08","area_sqkm":549.91782898}},
{"type":"Feature","geometry":{"type":"Polygon","coordinates":[[[126.1857,38.7541],[126.1757,38.7591],[126.1483,38.7505],[126.1155,38.7153],[126.0572,38.7044],[126.0189,38.7111],[125.9817,38.7317],[125.9361,38.7461],[125.9372,38.7722],[125.904,38.8009],[125.8687,38.7591],[125.8425,38.7484],[125.8162,38.7243],[125.8192,38.7054],[125.7439,38.6679],[125.7847,38.6194],[125.8571,38.5896],[125.8899,38.6111],[125.929,38.611],[125.9777,38.5948],[126.043,38.6135],[126.0723,38.6134],[126.0975,38.5977],[126.1478,38.6617],[126.1902,38.6723],[126.2167,38.7127],[126.1857,38.7541]]]},"properties":{"adm2_name":"Yonthan","adm2_name1":null,"adm2_pcode":"KP0806","adm1_name":"North Hwanghae","adm1_pcode":"KP08","area_sqkm":499.53615326}}
]}